{
  "name": "Naruto C Main Saga",
  "desc": "An alternative Story for Naruto C. It is based on the original story but it wont follow it!",
  "authors": "JinRyuu, Ben",
  "version": "0.5",
  "mods": "NC",
  "settings": {
    "repeat": "0",
    "unlock": "",
    "vars": ""
  },
  "missions": [
    {
      "id": 0,
      "translated": true,
      "props": [
        "default"
      ],
      "align": [
        "neutral"
      ],
      "title": [
        "nc.sagasystem.about"
      ],
      "subtitle": [
        "nc.sagasystem.0.title"
      ],
      "description": [
        "nc.sagasystem.0.desc"
      ],
      "objectives": [
        [
          "start"
        ]
      ],
      "rewards": [
        [
          "nothing;jinryuujrmcore.Next;1"
        ]
      ]
    },
    {
      "id": 1,
      "translated": true,
      "props": [
        "default"
      ],
      "align": [
        "neutral"
      ],
      "title": [
        "nc.sagasystem.prologue"
      ],
      "subtitle": [
        "nc.sagasystem.1.title"
      ],
      "description": [
        "nc.sagasystem.1.desc"
      ],
      "objectives": [
        [
          "start",
          "biome2;NPlains",
          "kill;Njinryuunarutoc.EntityNCEvilIruka;H400;A100"
        ]
      ],
      "rewards": [
        [
          "tp!fix!10||align!+10;jinryuujrmcore.missionSys.Protect;2",
          "tp!fix!10||align!0;jinryuujrmcore.missionSys.Myself;2",
          "tp!fix!10||align!-10;jinryuujrmcore.missionSys.Evil;2"
        ]
      ]
    },
    {
      "id": 2,
      "translated": true,
      "props": [
        "default"
      ],
      "align": [
        "neutral"
      ],
      "title": [
        "nc.sagasystem.prologue"
      ],
      "subtitle": [
        "nc.sagasystem.2.title"
      ],
      "description": [
        "nc.sagasystem.2.desc"
      ],
      "objectives": [
        [
          "start",
          "biome2;NRoofed Forest",
          "kill;Njinryuunarutoc.EntityNCEvilMizuki1;H600;A120"
        ]
      ],
      "rewards": [
        [
          "tp!fix!20||align!+10;jinryuujrmcore.missionSys.Protect;3",
          "tp!fix!20||align!0;jinryuujrmcore.missionSys.Myself;3",
          "tp!fix!20||align!-10;jinryuujrmcore.missionSys.Evil;3"
        ]
      ]
    },
    {
      "id": 3,
      "translated": true,
      "props": [
        "default"
      ],
      "align": [
        "neutral"
      ],
      "title": [
        "nc.sagasystem.prologue"
      ],
      "subtitle": [
        "nc.sagasystem.3.title"
      ],
      "description": [
        "nc.sagasystem.3.desc"
      ],
      "objectives": [
        [
          "next"
        ]
      ],
      "rewards": [
        [
          "item!jinryuunarutoc:ItemScrollOfSeals,1;jinryuujrmcore.Next;4"
        ]
      ]
    },
    {
      "id": 4,
      "translated": true,
      "props": [
        "default"
      ],
      "align": [
        "neutral"
      ],
      "title": [
        "nc.sagasystem.prologue"
      ],
      "subtitle": [
        "nc.sagasystem.4.title"
      ],
      "description": [
        "nc.sagasystem.4.desc"
      ],
      "objectives": [
        [
          "next"
        ]
      ],
      "rewards": [
        [
          "nothing;jinryuujrmcore.Next;5"
        ]
      ]
    },
    {
      "id": 5,
      "translated": true,
      "props": [
        "default"
      ],
      "align": [
        "neutral"
      ],
      "title": [
        "nc.sagasystem.prologue"
      ],
      "subtitle": [
        "nc.sagasystem.5.title"
      ],
      "description": [
        "nc.sagasystem.5.desc"
      ],
      "objectives": [
        [
          "start",
          "killsame;NOzelot;M6;H100;A20"
        ]
      ],
      "rewards": [
        [
          "tp!fix!50||align!+10;jinryuujrmcore.missionSys.Protect;6",
          "tp!fix!50||align!0;jinryuujrmcore.missionSys.Myself;6",
          "tp!fix!50||align!-10;jinryuujrmcore.missionSys.Evil;6"
        ]
      ]
    },
    {
      "id": 6,
      "translated": true,
      "props": [
        "default"
      ],
      "align": [
        "neutral"
      ],
      "title": [
        "nc.sagasystem.prologue"
      ],
      "subtitle": [
        "nc.sagasystem.6.title"
      ],
      "description": [
        "nc.sagasystem.6.desc"
      ],
      "objectives": [
        [
          "next",
          "item;Nwheat_seeds;M48"
        ]
      ],
      "rewards": [
        [
          "tp!fix!60||align!+10;jinryuujrmcore.missionSys.Protect;7",
          "tp!fix!60||align!0;jinryuujrmcore.missionSys.Myself;7",
          "tp!fix!60||align!-10;jinryuujrmcore.missionSys.Evil;7"
        ]
      ]
    },
    {
      "id": 7,
      "translated": true,
      "props": [
        "default"
      ],
      "align": [
        "neutral"
      ],
      "title": [
        "nc.sagasystem.prologue"
      ],
      "subtitle": [
        "nc.sagasystem.7.title"
      ],
      "description": [
        "nc.sagasystem.7.desc"
      ],
      "objectives": [
        [
          "next",
          "item;Nyellow_flower;M10",
          "item;Nred_flower;M12",
          "item;Nred_flower::1;M4"
        ]
      ],
      "rewards": [
        [
          "tp!fix!70||align!+10;jinryuujrmcore.missionSys.Protect;8",
          "tp!fix!70||align!0;jinryuujrmcore.missionSys.Myself;8",
          "tp!fix!70||align!-10;jinryuujrmcore.missionSys.Evil;8"
        ]
      ]
    },
    {
      "id": 8,
      "translated": true,
      "props": [
        "default"
      ],
      "align": [
        "neutral"
      ],
      "title": [
        "nc.sagasystem.prologue"
      ],
      "subtitle": [
        "nc.sagasystem.8.title"
      ],
      "description": [
        "nc.sagasystem.8.desc"
      ],
      "objectives": [
        [
          "start",
          "biome2;NRoofed Forest"
        ]
      ],
      "rewards": [
        [
          "nothing;jinryuujrmcore.Next;9"
        ]
      ]
    },
    {
      "id": 9,
      "translated": true,
      "props": [
        "default"
      ],
      "align": [
        "neutral"
      ],
      "title": [
        "nc.sagasystem.prologue"
      ],
      "subtitle": [
        "nc.sagasystem.9.title"
      ],
      "description": [
        "nc.sagasystem.9.desc"
      ],
      "objectives": [
        [
          "start",
          "biome2;NRoofed Forest",
          "kill;Njinryuunarutoc.EntityNCEvilZabuza1;H1200;A240",
          "kill;Njinryuunarutoc.EntityNCEvilHaku1;H1000;A200"
        ]
      ],
      "rewards": [
        [
          "tp!fix!90||align!+10;jinryuujrmcore.missionSys.Protect;10",
          "tp!fix!90||align!0;jinryuujrmcore.missionSys.Myself;10",
          "tp!fix!90||align!-10;jinryuujrmcore.missionSys.Evil;10"
        ]
      ]
    },
    {
      "id": 10,
      "translated": true,
      "props": [
        "default"
      ],
      "align": [
        "neutral"
      ],
      "title": [
        "nc.sagasystem.prologue"
      ],
      "subtitle": [
        "nc.sagasystem.10.title"
      ],
      "description": [
        "nc.sagasystem.10.desc"
      ],
      "objectives": [
        [
          "start",
          "biome2;NRoofed Forest",
          "kill;Njinryuunarutoc.EntityNCEvilZabuza2;H1600;A300"
        ]
      ],
      "rewards": [
        [
          "tp!fix!100||align!+10;jinryuujrmcore.missionSys.Protect;11",
          "tp!fix!100||align!0;jinryuujrmcore.missionSys.Myself;11",
          "tp!fix!100||align!-10;jinryuujrmcore.missionSys.Evil;11"
        ]
      ]
    },
    {
      "id": 11,
      "translated": true,
      "props": [
        "default"
      ],
      "align": [
        "neutral"
      ],
      "title": [
        "nc.sagasystem.prologue"
      ],
      "subtitle": [
        "nc.sagasystem.11.title"
      ],
      "description": [
        "nc.sagasystem.11.desc"
      ],
      "objectives": [
        [
          "next"
        ]
      ],
      "rewards": [
        [
          "nothing;jinryuujrmcore.Next;12"
        ]
      ]
    },
    {
      "id": 12,
      "translated": true,
      "props": [
        "default"
      ],
      "align": [
        "neutral"
      ],
      "title": [
        "nc.sagasystem.chuuninexams"
      ],
      "subtitle": [
        "nc.sagasystem.12.title"
      ],
      "description": [
        "nc.sagasystem.12.desc"
      ],
      "objectives": [
        [
          "next"
        ]
      ],
      "rewards": [
        [
          "nothing;jinryuujrmcore.Next;13"
        ]
      ]
    },
    {
      "id": 13,
      "translated": true,
      "props": [
        "default"
      ],
      "align": [
        "neutral"
      ],
      "title": [
        "nc.sagasystem.chuuninexams"
      ],
      "subtitle": [
        "nc.sagasystem.13.title"
      ],
      "description": [
        "nc.sagasystem.13.desc"
      ],
      "objectives": [
        [
          "start",
          "biome2;NNinja Forest",
          "kill;Njinryuunarutoc.EntityNCEvilShiroe;H1800;A320"
        ]
      ],
      "rewards": [
        [
          "tp!fix!130||align!+10;jinryuujrmcore.missionSys.Protect;14",
          "tp!fix!130||align!0;jinryuujrmcore.missionSys.Myself;14",
          "tp!fix!130||align!-10;jinryuujrmcore.missionSys.Evil;14"
        ]
      ]
    },
    {
      "id": 14,
      "translated": true,
      "props": [
        "randrew"
      ],
      "align": [
        "neutral"
      ],
      "title": [
        "nc.sagasystem.chuuninexams"
      ],
      "subtitle": [
        "nc.sagasystem.14.title"
      ],
      "description": [
        "nc.sagasystem.14.desc"
      ],
      "objectives": [
        [
          "next",
          "biome2;NPlains"
        ]
      ],
      "rewards": [
        [
          "nothing;jinryuujrmcore.Continue;14",
          "nothing;emty;15",
          "nothing;emty;16",
          "nothing;emty;17",
          "nothing;emty;18",
          "nothing;emty;19",
          "nothing;emty;20",
          "nothing;emty;21",
          "nothing;emty;22",
          "nothing;emty;23",
          "nothing;emty;24",
          "nothing;emty;25",
          "nothing;emty;26",
          "nothing;emty;27"
        ]
      ]
    },
    {
      "id": 15,
      "translated": true,
      "props": [
        "default"
      ],
      "align": [
        "neutral"
      ],
      "title": [
        "nc.sagasystem.chuuninexams"
      ],
      "subtitle": [
        "nc.sagasystem.15.title"
      ],
      "description": [
        "nc.sagasystem.15.desc"
      ],
      "objectives": [
        [
          "start",
          "biome2;NPlains",
          "kill;Njinryuunarutoc.EntityNCEvilSasuke1;H2400;A350"
        ]
      ],
      "rewards": [
        [
          "tp!fix!150||align!+10;jinryuujrmcore.missionSys.Protect;28",
          "tp!fix!150||align!0;jinryuujrmcore.missionSys.Myself;28",
          "tp!fix!150||align!-10;jinryuujrmcore.missionSys.Evil;28"
        ]
      ]
    },
    {
      "id": 16,
      "translated": true,
      "props": [
        "default"
      ],
      "align": [
        "neutral"
      ],
      "title": [
        "nc.sagasystem.chuuninexams"
      ],
      "subtitle": [
        "nc.sagasystem.16.title"
      ],
      "description": [
        "nc.sagasystem.16.desc"
      ],
      "objectives": [
        [
          "start",
          "biome2;NPlains",
          "kill;Njinryuunarutoc.EntityNCEvilSakura1;H2000;A300"
        ]
      ],
      "rewards": [
        [
          "tp!fix!160||align!+10;jinryuujrmcore.missionSys.Protect;28",
          "tp!fix!160||align!0;jinryuujrmcore.missionSys.Myself;28",
          "tp!fix!160||align!-10;jinryuujrmcore.missionSys.Evil;28"
        ]
      ]
    },
    {
      "id": 17,
      "translated": true,
      "props": [
        "default"
      ],
      "align": [
        "neutral"
      ],
      "title": [
        "nc.sagasystem.chuuninexams"
      ],
      "subtitle": [
        "nc.sagasystem.17.title"
      ],
      "description": [
        "nc.sagasystem.17.desc"
      ],
      "objectives": [
        [
          "start",
          "biome2;NPlains",
          "kill;Njinryuunarutoc.EntityNCEvilIno1;H2000;A300"
        ]
      ],
      "rewards": [
        [
          "tp!fix!170||align!+10;jinryuujrmcore.missionSys.Protect;28",
          "tp!fix!170||align!0;jinryuujrmcore.missionSys.Myself;28",
          "tp!fix!170||align!-10;jinryuujrmcore.missionSys.Evil;28"
        ]
      ]
    },
    {
      "id": 18,
      "translated": true,
      "props": [
        "default"
      ],
      "align": [
        "neutral"
      ],
      "title": [
        "nc.sagasystem.chuuninexams"
      ],
      "subtitle": [
        "nc.sagasystem.18.title"
      ],
      "description": [
        "nc.sagasystem.18.desc"
      ],
      "objectives": [
        [
          "start",
          "biome2;NPlains",
          "kill;Njinryuunarutoc.EntityNCEvilShika1;H2000;A300"
        ]
      ],
      "rewards": [
        [
          "tp!fix!180||align!+10;jinryuujrmcore.missionSys.Protect;28",
          "tp!fix!180||align!0;jinryuujrmcore.missionSys.Myself;28",
          "tp!fix!180||align!-10;jinryuujrmcore.missionSys.Evil;28"
        ]
      ]
    },
    {
      "id": 19,
      "translated": true,
      "props": [
        "default"
      ],
      "align": [
        "neutral"
      ],
      "title": [
        "nc.sagasystem.chuuninexams"
      ],
      "subtitle": [
        "nc.sagasystem.19.title"
      ],
      "description": [
        "nc.sagasystem.19.desc"
      ],
      "objectives": [
        [
          "start",
          "biome2;NPlains",
          "kill;Njinryuunarutoc.EntityNCEvilChoji1;H2000;A300"
        ]
      ],
      "rewards": [
        [
          "tp!fix!190||align!+10;jinryuujrmcore.missionSys.Protect;28",
          "tp!fix!190||align!0;jinryuujrmcore.missionSys.Myself;28",
          "tp!fix!190||align!-10;jinryuujrmcore.missionSys.Evil;28"
        ]
      ]
    },
    {
      "id": 20,
      "translated": true,
      "props": [
        "default"
      ],
      "align": [
        "neutral"
      ],
      "title": [
        "nc.sagasystem.chuuninexams"
      ],
      "subtitle": [
        "nc.sagasystem.20.title"
      ],
      "description": [
        "nc.sagasystem.20.desc"
      ],
      "objectives": [
        [
          "start",
          "biome2;NPlains",
          "kill;Njinryuunarutoc.EntityNCEvilHinata1;H2000;A300"
        ]
      ],
      "rewards": [
        [
          "tp!fix!200||align!+10;jinryuujrmcore.missionSys.Protect;28",
          "tp!fix!200||align!0;jinryuujrmcore.missionSys.Myself;28",
          "tp!fix!200||align!-10;jinryuujrmcore.missionSys.Evil;28"
        ]
      ]
    },
    {
      "id": 21,
      "translated": true,
      "props": [
        "default"
      ],
      "align": [
        "neutral"
      ],
      "title": [
        "nc.sagasystem.chuuninexams"
      ],
      "subtitle": [
        "nc.sagasystem.21.title"
      ],
      "description": [
        "nc.sagasystem.21.desc"
      ],
      "objectives": [
        [
          "start",
          "biome2;NPlains",
          "kill;Njinryuunarutoc.EntityNCEvilKiba1;H2000;A300"
        ]
      ],
      "rewards": [
        [
          "tp!fix!210||align!+10;jinryuujrmcore.missionSys.Protect;28",
          "tp!fix!210||align!0;jinryuujrmcore.missionSys.Myself;28",
          "tp!fix!210||align!-10;jinryuujrmcore.missionSys.Evil;28"
        ]
      ]
    },
    {
      "id": 22,
      "translated": true,
      "props": [
        "default"
      ],
      "align": [
        "neutral"
      ],
      "title": [
        "nc.sagasystem.chuuninexams"
      ],
      "subtitle": [
        "nc.sagasystem.22.title"
      ],
      "description": [
        "nc.sagasystem.22.desc"
      ],
      "objectives": [
        [
          "start",
          "biome2;NPlains",
          "kill;Njinryuunarutoc.EntityNCEvilShino1;H2000;A300"
        ]
      ],
      "rewards": [
        [
          "tp!fix!220||align!+10;jinryuujrmcore.missionSys.Protect;28",
          "tp!fix!220||align!0;jinryuujrmcore.missionSys.Myself;28",
          "tp!fix!220||align!-10;jinryuujrmcore.missionSys.Evil;28"
        ]
      ]
    },
    {
      "id": 23,
      "translated": true,
      "props": [
        "default"
      ],
      "align": [
        "neutral"
      ],
      "title": [
        "nc.sagasystem.chuuninexams"
      ],
      "subtitle": [
        "nc.sagasystem.23.title"
      ],
      "description": [
        "nc.sagasystem.23.desc"
      ],
      "objectives": [
        [
          "start",
          "biome2;NPlains",
          "kill;Njinryuunarutoc.EntityNCEvilNeji1;H2500;A360"
        ]
      ],
      "rewards": [
        [
          "tp!fix!230||align!+10;jinryuujrmcore.missionSys.Protect;28",
          "tp!fix!230||align!0;jinryuujrmcore.missionSys.Myself;28",
          "tp!fix!230||align!-10;jinryuujrmcore.missionSys.Evil;28"
        ]
      ]
    },
    {
      "id": 24,
      "translated": true,
      "props": [
        "default"
      ],
      "align": [
        "neutral"
      ],
      "title": [
        "nc.sagasystem.chuuninexams"
      ],
      "subtitle": [
        "nc.sagasystem.24.title"
      ],
      "description": [
        "nc.sagasystem.24.desc"
      ],
      "objectives": [
        [
          "start",
          "biome2;NPlains",
          "kill;Njinryuunarutoc.EntityNCEvilTenten1;H2000;A300"
        ]
      ],
      "rewards": [
        [
          "tp!fix!240||align!+10;jinryuujrmcore.missionSys.Protect;28",
          "tp!fix!240||align!0;jinryuujrmcore.missionSys.Myself;28",
          "tp!fix!240||align!-10;jinryuujrmcore.missionSys.Evil;28"
        ]
      ]
    },
    {
      "id": 25,
      "translated": true,
      "props": [
        "default"
      ],
      "align": [
        "neutral"
      ],
      "title": [
        "nc.sagasystem.chuuninexams"
      ],
      "subtitle": [
        "nc.sagasystem.25.title"
      ],
      "description": [
        "nc.sagasystem.25.desc"
      ],
      "objectives": [
        [
          "start",
          "biome2;NPlains",
          "kill;Njinryuunarutoc.EntityNCEvilLee1;H2500;A360"
        ]
      ],
      "rewards": [
        [
          "tp!fix!250||align!+10;jinryuujrmcore.missionSys.Protect;28",
          "tp!fix!250||align!0;jinryuujrmcore.missionSys.Myself;28",
          "tp!fix!250||align!-10;jinryuujrmcore.missionSys.Evil;28"
        ]
      ]
    },
    {
      "id": 26,
      "translated": true,
      "props": [
        "default"
      ],
      "align": [
        "neutral"
      ],
      "title": [
        "nc.sagasystem.chuuninexams"
      ],
      "subtitle": [
        "nc.sagasystem.26.title"
      ],
      "description": [
        "nc.sagasystem.26.desc"
      ],
      "objectives": [
        [
          "start",
          "biome2;NPlains",
          "kill;Njinryuunarutoc.EntityNCEvilTemari1;H2000;A300"
        ]
      ],
      "rewards": [
        [
          "tp!fix!260||align!+10;jinryuujrmcore.missionSys.Protect;28",
          "tp!fix!260||align!0;jinryuujrmcore.missionSys.Myself;28",
          "tp!fix!260||align!-10;jinryuujrmcore.missionSys.Evil;28"
        ]
      ]
    },
    {
      "id": 27,
      "translated": true,
      "props": [
        "default"
      ],
      "align": [
        "neutral"
      ],
      "title": [
        "nc.sagasystem.chuuninexams"
      ],
      "subtitle": [
        "nc.sagasystem.27.title"
      ],
      "description": [
        "nc.sagasystem.27.desc"
      ],
      "objectives": [
        [
          "start",
          "biome2;NPlains",
          "kill;Njinryuunarutoc.EntityNCEvilKankuro1;H2000;A300"
        ]
      ],
      "rewards": [
        [
          "tp!fix!270||align!+10;jinryuujrmcore.missionSys.Protect;28",
          "tp!fix!270||align!0;jinryuujrmcore.missionSys.Myself;28",
          "tp!fix!270||align!-10;jinryuujrmcore.missionSys.Evil;28"
        ]
      ]
    },
    {
      "id": 28,
      "translated": true,
      "props": [
        "default"
      ],
      "align": [
        "neutral"
      ],
      "title": [
        "nc.sagasystem.chuuninexams"
      ],
      "subtitle": [
        "nc.sagasystem.28.title"
      ],
      "description": [
        "nc.sagasystem.28.desc"
      ],
      "objectives": [
        [
          "next",
          "biome2;NPlains"
        ]
      ],
      "rewards": [
        [
          "nothing;jinryuujrmcore.Next;29"
        ]
      ]
    },
    {
      "id": 29,
      "translated": true,
      "props": [
        "default"
      ],
      "align": [
        "neutral"
      ],
      "title": [
        "nc.sagasystem.chuuninexams"
      ],
      "subtitle": [
        "nc.sagasystem.29.title"
      ],
      "description": [
        "nc.sagasystem.29.desc"
      ],
      "objectives": [
        [
          "start",
          "biome2;NPlains",
          "kill;Njinryuunarutoc.EntityNCEvilNaruto1;H2200;A280"
        ]
      ],
      "rewards": [
        [
          "tp!fix!290||align!+10;jinryuujrmcore.missionSys.Protect;30",
          "tp!fix!290||align!0;jinryuujrmcore.missionSys.Myself;30",
          "tp!fix!290||align!-10;jinryuujrmcore.missionSys.Evil;30"
        ]
      ]
    },
    {
      "id": 30,
      "translated": true,
      "props": [
        "default"
      ],
      "align": [
        "neutral"
      ],
      "title": [
        "nc.sagasystem.chuuninexams"
      ],
      "subtitle": [
        "nc.sagasystem.30.title"
      ],
      "description": [
        "nc.sagasystem.30.desc"
      ],
      "objectives": [
        [
          "start",
          "biome2;NPlains",
          "kill;Njinryuunarutoc.EntityNCEvilNaruto2;H3000;A400"
        ]
      ],
      "rewards": [
        [
          "tp!fix!300||align!+10;jinryuujrmcore.missionSys.Protect;31",
          "tp!fix!300||align!0;jinryuujrmcore.missionSys.Myself;31",
          "tp!fix!300||align!-10;jinryuujrmcore.missionSys.Evil;31"
        ]
      ]
    },
    {
      "id": 31,
      "translated": true,
      "props": [
        "default"
      ],
      "align": [
        "neutral"
      ],
      "title": [
        "nc.sagasystem.chuuninexams"
      ],
      "subtitle": [
        "nc.sagasystem.31.title"
      ],
      "description": [
        "nc.sagasystem.31.desc"
      ],
      "objectives": [
        [
          "start",
          "biome2;NPlains",
          "kill;Njinryuunarutoc.EntityNCEvilGaara1;H3000;A500"
        ]
      ],
      "rewards": [
        [
          "tp!fix!310||align!+10;jinryuujrmcore.missionSys.Protect;32",
          "tp!fix!310||align!0;jinryuujrmcore.missionSys.Myself;32",
          "tp!fix!310||align!-10;jinryuujrmcore.missionSys.Evil;32"
        ]
      ]
    },
    {
      "id": 32,
      "translated": true,
      "props": [
        "default"
      ],
      "align": [
        "neutral"
      ],
      "title": [
        "nc.sagasystem.chuuninexams"
      ],
      "subtitle": [
        "nc.sagasystem.32.title"
      ],
      "description": [
        "nc.sagasystem.32.desc"
      ],
      "objectives": [
        [
          "start",
          "biome2;NPlains",
          "kill;Njinryuunarutoc.EntityNCEvilShukaku;H5000;A1000"
        ]
      ],
      "rewards": [
        [
          "tp!fix!320||align!+10;jinryuujrmcore.missionSys.Protect;33",
          "tp!fix!320||align!0;jinryuujrmcore.missionSys.Myself;33",
          "tp!fix!320||align!-10;jinryuujrmcore.missionSys.Evil;33"
        ]
      ]
    },
    {
      "id": 33,
      "translated": true,
      "props": [
        "default"
      ],
      "align": [
        "neutral"
      ],
      "title": [
        "nc.sagasystem.chuuninexams"
      ],
      "subtitle": [
        "nc.sagasystem.33.title"
      ],
      "description": [
        "nc.sagasystem.33.desc"
      ],
      "objectives": [
        [
          "next"
        ]
      ],
      "rewards": [
        [
          "nothing;jinryuujrmcore.Next;34"
        ]
      ]
    },
    {
      "id": 34,
      "translated": true,
      "props": [
        "default"
      ],
      "align": [
        "neutral"
      ],
      "title": [
        "nc.sagasystem.credits"
      ],
      "subtitle": [
        "nc.sagasystem.34.title"
      ],
      "description": [
        "nc.sagasystem.34.desc"
      ],
      "objectives": [
        [
          "restart"
        ]
      ],
      "rewards": [
        [
          "nothing;jinryuujrmcore.missionSys.Next;35"
        ]
      ]
    }
  ]
}