{
  "name": "Dragon Block C Main Saga",
  "desc": "DBC main story that is an alternative story then the stories in the series.",
  "authors": "JinRyuu, Ben",
  "version": "1.2",
  "mods": "DBC",
  "settings": {
    "repeat": "0",
    "unlock": "",
    "vars": ""
  },
  "missions": [
    {
      "id": 0,
      "translated": true,
      "props": [
        "default"
      ],
      "align": [
        "neutral"
      ],
      "title": [
        "dbc.sagasystem.saiyan"
      ],
      "subtitle": [
        "dbc.sagasystem.0.title"
      ],
      "description": [
        "dbc.sagasystem.0.desc"
      ],
      "objectives": [
        [
          "next"
        ]
      ],
      "rewards": [
        [
          "nothing;jinryuujrmcore.Next;1"
        ]
      ]
    },
    {
      "id": 1,
      "translated": true,
      "props": [
        "default"
      ],
      "align": [
        "neutral"
      ],
      "title": [
        "dbc.sagasystem.saiyan"
      ],
      "subtitle": [
        "dbc.sagasystem.1.title"
      ],
      "description": [
        "dbc.sagasystem.1.desc"
      ],
      "objectives": [
        [
          "start",
          "killsame;Njinryuudragonblockc.Saibaiman;M6;H200;A40"
        ]
      ],
      "rewards": [
        [
          "tp!fix!10||align!+10;jinryuujrmcore.missionSys.Protect;2",
          "tp!fix!10||align!0;jinryuujrmcore.missionSys.Myself;2",
          "tp!fix!10||align!-10;jinryuujrmcore.missionSys.Evil;2"
        ]
      ]
    },
    {
      "id": 2,
      "translated": true,
      "props": [
        "default"
      ],
      "align": [
        "neutral"
      ],
      "title": [
        "dbc.sagasystem.saiyan"
      ],
      "subtitle": [
        "dbc.sagasystem.2.title"
      ],
      "description": [
        "dbc.sagasystem.2.desc"
      ],
      "objectives": [
        [
          "start",
          "dim2;NOverworld",
          "kill;Njinryuudragonblockc.Raditz;H500;A100;Sdbc.itemSaiySagaRad.line1;Ddbc.itemSaiySagaRad.d.line1"
        ]
      ],
      "rewards": [
        [
          "tp!fix!20||align!+10;jinryuujrmcore.missionSys.Protect;3",
          "tp!fix!20||align!0;jinryuujrmcore.missionSys.Myself;3",
          "tp!fix!20||align!-10;jinryuujrmcore.missionSys.Evil;3"
        ]
      ]
    },
    {
      "id": 3,
      "translated": true,
      "props": [
        "default"
      ],
      "align": [
        "neutral"
      ],
      "title": [
        "dbc.sagasystem.saiyan"
      ],
      "subtitle": [
        "dbc.sagasystem.3.title"
      ],
      "description": [
        "dbc.sagasystem.3.desc"
      ],
      "objectives": [
        [
          "start",
          "dim2;NOverworld",
          "biome2;NDirty Stony",
          "item;Njinryuudragonblockc:ItemDinoMeatCooked;M10",
          "killsame;Njinryuudragonblockc.Saibaiman;M12;H200;A50"
        ]
      ],
      "rewards": [
        [
          "tp!fix!30||align!+10;jinryuujrmcore.missionSys.Protect;4",
          "tp!fix!30||align!0;jinryuujrmcore.missionSys.Myself;4",
          "tp!fix!30||align!-10;jinryuujrmcore.missionSys.Evil;4"
        ]
      ]
    },
    {
      "id": 4,
      "translated": true,
      "props": [
        "default"
      ],
      "align": [
        "neutral"
      ],
      "title": [
        "dbc.sagasystem.saiyan"
      ],
      "subtitle": [
        "dbc.sagasystem.4.title"
      ],
      "description": [
        "dbc.sagasystem.4.desc"
      ],
      "objectives": [
        [
          "start",
          "dim2;NOverworld",
          "biome2;NDirty Stony",
          "kill;Njinryuudragonblockc.Nappa;H700;A150;Sdbc.itemSaiySagaVeg.line1;Ddbc.itemSaiySagaVeg.d.line2",
          "kill;Njinryuudragonblockc.Vegeta;H1000;A200;Sdbc.itemSaiySagaVeg.line2;Ddbc.itemSaiySagaVeg.d.line1"
        ]
      ],
      "rewards": [
        [
          "item!jinryuudragonblockc:SpacePod01Item,1||tp!fix!40||align!+10;jinryuujrmcore.missionSys.Protect;5",
          "item!jinryuudragonblockc:SpacePod01Item,1||tp!fix!40||align!0;jinryuujrmcore.missionSys.Myself;5",
          "item!jinryuudragonblockc:SpacePod01Item,1||tp!fix!40||align!-10;jinryuujrmcore.missionSys.Evil;5"
        ]
      ]
    },
    {
      "id": 5,
      "translated": true,
      "props": [
        "default"
      ],
      "align": [
        "neutral"
      ],
      "title": [
        "dbc.sagasystem.saiyan"
      ],
      "subtitle": [
        "dbc.sagasystem.5.title"
      ],
      "description": [
        "dbc.sagasystem.5.desc"
      ],
      "objectives": [
        [
          "start",
          "dim;NNamek"
        ]
      ],
      "rewards": [
        [
          "tp!fix!50||align!+10;jinryuujrmcore.missionSys.Protect;6",
          "tp!fix!50||align!0;jinryuujrmcore.missionSys.Myself;6",
          "tp!fix!50||align!-10;jinryuujrmcore.missionSys.Evil;6"
        ]
      ]
    },
    {
      "id": 6,
      "translated": true,
      "props": [
        "default"
      ],
      "align": [
        "neutral"
      ],
      "title": [
        "dbc.sagasystem.freeza"
      ],
      "subtitle": [
        "dbc.sagasystem.6.title"
      ],
      "description": [
        "dbc.sagasystem.6.desc"
      ],
      "objectives": [
        [
          "start",
          "dim2;NNamek",
          "killsame;Njinryuudragonblockc.FreezaSoldier1;M3;H350;A90",
          "killsame;Njinryuudragonblockc.FreezaSoldier2;M3;H350;A90",
          "killsame;Njinryuudragonblockc.FreezaSoldier3;M3;H350;A90"
        ]
      ],
      "rewards": [
        [
          "tp!fix!60||align!+10;jinryuujrmcore.missionSys.Protect;7",
          "tp!fix!60||align!0;jinryuujrmcore.missionSys.Myself;7",
          "tp!fix!60||align!-10;jinryuujrmcore.missionSys.Evil;7"
        ]
      ]
    },
    {
      "id": 7,
      "translated": true,
      "props": [
        "default"
      ],
      "align": [
        "neutral"
      ],
      "title": [
        "dbc.sagasystem.freeza"
      ],
      "subtitle": [
        "dbc.sagasystem.7.title"
      ],
      "description": [
        "dbc.sagasystem.7.desc"
      ],
      "objectives": [
        [
          "start",
          "dim2;NNamek",
          "kill;Njinryuudragonblockc.Kiwi;H1100;A120"
        ]
      ],
      "rewards": [
        [
          "tp!fix!70||align!+10;jinryuujrmcore.missionSys.Protect;8",
          "tp!fix!70||align!0;jinryuujrmcore.missionSys.Myself;8",
          "tp!fix!70||align!-10;jinryuujrmcore.missionSys.Evil;8"
        ]
      ]
    },
    {
      "id": 8,
      "translated": true,
      "props": [
        "default"
      ],
      "align": [
        "neutral"
      ],
      "title": [
        "dbc.sagasystem.freeza"
      ],
      "subtitle": [
        "dbc.sagasystem.8.title"
      ],
      "description": [
        "dbc.sagasystem.8.desc"
      ],
      "objectives": [
        [
          "start",
          "dim2;NNamek",
          "kill;Njinryuudragonblockc.Dodoria;H1200;A130"
        ]
      ],
      "rewards": [
        [
          "tp!fix!80||align!+10;jinryuujrmcore.missionSys.Protect;9",
          "tp!fix!80||align!0;jinryuujrmcore.missionSys.Myself;9",
          "tp!fix!80||align!-10;jinryuujrmcore.missionSys.Evil;9"
        ]
      ]
    },
    {
      "id": 9,
      "translated": true,
      "props": [
        "default"
      ],
      "align": [
        "neutral"
      ],
      "title": [
        "dbc.sagasystem.freeza"
      ],
      "subtitle": [
        "dbc.sagasystem.9.title"
      ],
      "description": [
        "dbc.sagasystem.9.desc"
      ],
      "objectives": [
        [
          "start",
          "dim2;NNamek",
          "kill;Njinryuudragonblockc.Zarbon;H1400;A150"
        ]
      ],
      "rewards": [
        [
          "tp!fix!90||align!+10;jinryuujrmcore.missionSys.Protect;10",
          "tp!fix!90||align!0;jinryuujrmcore.missionSys.Myself;10",
          "tp!fix!90||align!-10;jinryuujrmcore.missionSys.Evil;10"
        ]
      ]
    },
    {
      "id": 10,
      "translated": true,
      "props": [
        "default"
      ],
      "align": [
        "neutral"
      ],
      "title": [
        "dbc.sagasystem.freeza"
      ],
      "subtitle": [
        "dbc.sagasystem.10.title"
      ],
      "description": [
        "dbc.sagasystem.10.desc"
      ],
      "objectives": [
        [
          "start",
          "dim2;NNamek",
          "kill;Njinryuudragonblockc.Guldo;H500;A300;Sdbc.itemFreeSagaGin.4.line1",
          "kill;Njinryuudragonblockc.Recoome;H2000;A200;Sdbc.itemFreeSagaGin.1.line1;Ddbc.itemFreeSagaGin.d.1.line1",
          "kill;Njinryuudragonblockc.Barta;H1800;A180;Sdbc.itemFreeSagaGin.2.line1",
          "kill;Njinryuudragonblockc.Jeice;H1800;A180;Sdbc.itemFreeSagaGin.3.line1",
          "kill;Njinryuudragonblockc.Ginyu;H3000;A300;Sdbc.itemFreeSagaGin.5.line1;Ddbc.itemFreeSagaGin.d.5.line1"
        ]
      ],
      "rewards": [
        [
          "tp!fix!100||align!+10;jinryuujrmcore.missionSys.Protect;11",
          "tp!fix!100||align!0;jinryuujrmcore.missionSys.Myself;11",
          "tp!fix!100||align!-10;jinryuujrmcore.missionSys.Evil;11"
        ]
      ]
    },
    {
      "id": 11,
      "translated": true,
      "props": [
        "default"
      ],
      "align": [
        "neutral"
      ],
      "title": [
        "dbc.sagasystem.freeza"
      ],
      "subtitle": [
        "dbc.sagasystem.11.title"
      ],
      "description": [
        "dbc.sagasystem.11.desc"
      ],
      "objectives": [
        [
          "start",
          "dim2;NNamek",
          "kill;Njinryuudragonblockc.Freeza1;H3000;A300;Tjinryuudragonblockc.Freeza2|150|1.1||jinryuudragonblockc.Freeza3|150|1.1||jinryuudragonblockc.Freeza4|150|1.1||jinryuudragonblockc.Freeza5|150|1.1||jinryuudragonblockc.Freeza6|300|1.2"
        ]
      ],
      "rewards": [
        [
          "tp!fix!110||align!+10;jinryuujrmcore.missionSys.Protect;12",
          "tp!fix!110||align!0;jinryuujrmcore.missionSys.Myself;12",
          "tp!fix!110||align!-10;jinryuujrmcore.missionSys.Evil;12"
        ]
      ]
    },
    {
      "id": 12,
      "translated": true,
      "props": [
        "default"
      ],
      "align": [
        "neutral"
      ],
      "title": [
        "dbc.sagasystem.freeza"
      ],
      "subtitle": [
        "dbc.sagasystem.12.title"
      ],
      "description": [
        "dbc.sagasystem.12.desc"
      ],
      "objectives": [
        [
          "start",
          "dim;NOverworld"
        ]
      ],
      "rewards": [
        [
          "tp!fix!120||align!+10;jinryuujrmcore.missionSys.Protect;13",
          "tp!fix!120||align!0;jinryuujrmcore.missionSys.Myself;13",
          "tp!fix!120||align!-10;jinryuujrmcore.missionSys.Evil;13"
        ]
      ]
    },
    {
      "id": 13,
      "translated": true,
      "props": [
        "default"
      ],
      "align": [
        "neutral"
      ],
      "title": [
        "dbc.sagasystem.android"
      ],
      "subtitle": [
        "dbc.sagasystem.13.title"
      ],
      "description": [
        "dbc.sagasystem.13.desc"
      ],
      "objectives": [
        [
          "start",
          "dim2;NOverworld",
          "biome;NPlains"
        ]
      ],
      "rewards": [
        [
          "nothing;Next;14"
        ]
      ]
    },
    {
      "id": 14,
      "translated": true,
      "props": [
        "default"
      ],
      "align": [
        "neutral"
      ],
      "title": [
        "dbc.sagasystem.android"
      ],
      "subtitle": [
        "dbc.sagasystem.14.title"
      ],
      "description": [
        "dbc.sagasystem.14.desc"
      ],
      "objectives": [
        [
          "start",
          "dim2;NOverworld",
          "killsame;Njinryuudragonblockc.FreezaSoldier1;M3;H500;A100",
          "killsame;Njinryuudragonblockc.FreezaSoldier2;M3;H500;A100",
          "killsame;Njinryuudragonblockc.FreezaSoldier3;M3;H500;A100"
        ]
      ],
      "rewards": [
        [
          "tp!fix!140||align!+10;jinryuujrmcore.missionSys.Protect;15",
          "tp!fix!140||align!0;jinryuujrmcore.missionSys.Myself;15",
          "tp!fix!140||align!-10;jinryuujrmcore.missionSys.Evil;15"
        ]
      ]
    },
    {
      "id": 15,
      "translated": true,
      "props": [
        "default"
      ],
      "align": [
        "neutral"
      ],
      "title": [
        "dbc.sagasystem.android"
      ],
      "subtitle": [
        "dbc.sagasystem.15.title"
      ],
      "description": [
        "dbc.sagasystem.15.desc"
      ],
      "objectives": [
        [
          "start",
          "dim2;NOverworld",
          "kill;Njinryuudragonblockc.MechaFreeza;H5500;A550",
          "kill;Njinryuudragonblockc.KingCold;H6000;A600"
        ]
      ],
      "rewards": [
        [
          "tp!fix!150||align!+10;jinryuujrmcore.missionSys.Protect;16",
          "tp!fix!150||align!0;jinryuujrmcore.missionSys.Myself;16",
          "tp!fix!150||align!-10;jinryuujrmcore.missionSys.Evil;16"
        ]
      ]
    },
    {
      "id": 16,
      "translated": true,
      "props": [
        "default",
        "saiyan"
      ],
      "align": [
        "neutral",
        "neutral"
      ],
      "title": [
        "dbc.sagasystem.android",
        "dbc.sagasystem.android"
      ],
      "subtitle": [
        "dbc.sagasystem.16.title",
        "dbc.sagasystem.16.title"
      ],
      "description": [
        "dbc.sagasystem.16.desc",
        "dbc.sagasystem.16.desc"
      ],
      "objectives": [
        [
          "skip"
        ],
        [
          "next",
          "state;NSS"
        ]
      ],
      "rewards": [
        [
          "nothing;Skip;17"
        ],
        [
          "nothing;Next;17"
        ]
      ]
    },
    {
      "id": 17,
      "translated": true,
      "props": [
        "default"
      ],
      "align": [
        "neutral"
      ],
      "title": [
        "dbc.sagasystem.android"
      ],
      "subtitle": [
        "dbc.sagasystem.17.title"
      ],
      "description": [
        "dbc.sagasystem.17.desc"
      ],
      "objectives": [
        [
          "next",
          "talk;Njinryuudragonblockc.kami;Gdbc.MainSaga.17.m;Bdbc.MainSaga.17.b"
        ]
      ],
      "rewards": [
        [
          "nothing;Next;18"
        ]
      ]
    },
    {
      "id": 18,
      "translated": true,
      "props": [
        "default"
      ],
      "align": [
        "neutral"
      ],
      "title": [
        "dbc.sagasystem.android"
      ],
      "subtitle": [
        "dbc.sagasystem.18.title"
      ],
      "description": [
        "dbc.sagasystem.18.desc"
      ],
      "objectives": [
        [
          "start",
          "dim2;NOverworld",
          "biome;NDirty Stony"
        ]
      ],
      "rewards": [
        [
          "nothing;Next;19"
        ]
      ]
    },
    {
      "id": 19,
      "translated": true,
      "props": [
        "default"
      ],
      "align": [
        "neutral"
      ],
      "title": [
        "dbc.sagasystem.android"
      ],
      "subtitle": [
        "dbc.sagasystem.19.title"
      ],
      "description": [
        "dbc.sagasystem.19.desc"
      ],
      "objectives": [
        [
          "start",
          "dim2;NOverworld",
          "kill;Njinryuudragonblockc.Cyborg19;H7000;A700",
          "kill;Njinryuudragonblockc.Cyborg20;H8000;A800"
        ]
      ],
      "rewards": [
        [
          "tp!fix!190||align!+10;jinryuujrmcore.missionSys.Protect;20",
          "tp!fix!190||align!0;jinryuujrmcore.missionSys.Myself;20",
          "tp!fix!190||align!-10;jinryuujrmcore.missionSys.Evil;20"
        ]
      ]
    },
    {
      "id": 20,
      "translated": true,
      "props": [
        "default"
      ],
      "align": [
        "neutral"
      ],
      "title": [
        "dbc.sagasystem.android"
      ],
      "subtitle": [
        "dbc.sagasystem.20.title"
      ],
      "description": [
        "dbc.sagasystem.20.desc"
      ],
      "objectives": [
        [
          "start",
          "dim;NTimeChamber"
        ]
      ],
      "rewards": [
        [
          "nothing;Next;21"
        ]
      ]
    },
    {
      "id": 21,
      "translated": true,
      "props": [
        "default"
      ],
      "align": [
        "neutral"
      ],
      "title": [
        "dbc.sagasystem.android"
      ],
      "subtitle": [
        "dbc.sagasystem.21.title"
      ],
      "description": [
        "dbc.sagasystem.21.desc"
      ],
      "objectives": [
        [
          "start",
          "dim2;NOverworld",
          "biome;NPlains"
        ]
      ],
      "rewards": [
        [
          "nothing;Next;22"
        ]
      ]
    },
    {
      "id": 22,
      "translated": true,
      "props": [
        "default"
      ],
      "align": [
        "neutral"
      ],
      "title": [
        "dbc.sagasystem.android"
      ],
      "subtitle": [
        "dbc.sagasystem.22.title"
      ],
      "description": [
        "dbc.sagasystem.22.desc"
      ],
      "objectives": [
        [
          "start",
          "dim2;NOverworld",
          "kill;Njinryuudragonblockc.Cyborg18;H9000;A900"
        ]
      ],
      "rewards": [
        [
          "tp!fix!220||align!+10;jinryuujrmcore.missionSys.Protect;23",
          "tp!fix!220||align!0;jinryuujrmcore.missionSys.Myself;23",
          "tp!fix!220||align!-10;jinryuujrmcore.missionSys.Evil;23"
        ]
      ]
    },
    {
      "id": 23,
      "translated": true,
      "props": [
        "default"
      ],
      "align": [
        "neutral"
      ],
      "title": [
        "dbc.sagasystem.android"
      ],
      "subtitle": [
        "dbc.sagasystem.23.title"
      ],
      "description": [
        "dbc.sagasystem.23.desc"
      ],
      "objectives": [
        [
          "start",
          "dim2;NOverworld",
          "kill;Njinryuudragonblockc.Cell1;H10000;A1000;Tjinryuudragonblockc.Cell2|400|1.1"
        ]
      ],
      "rewards": [
        [
          "tp!fix!230||align!+10;jinryuujrmcore.missionSys.Protect;24",
          "tp!fix!230||align!0;jinryuujrmcore.missionSys.Myself;24",
          "tp!fix!230||align!-10;jinryuujrmcore.missionSys.Evil;24"
        ]
      ]
    },
    {
      "id": 24,
      "translated": true,
      "props": [
        "default"
      ],
      "align": [
        "neutral"
      ],
      "title": [
        "dbc.sagasystem.android"
      ],
      "subtitle": [
        "dbc.sagasystem.24.title"
      ],
      "description": [
        "dbc.sagasystem.24.desc"
      ],
      "objectives": [
        [
          "start",
          "dim2;NOverworld",
          "biome;NDirty Stony"
        ]
      ],
      "rewards": [
        [
          "nothing;Next;25"
        ]
      ]
    },
    {
      "id": 25,
      "translated": true,
      "props": [
        "default"
      ],
      "align": [
        "neutral"
      ],
      "title": [
        "dbc.sagasystem.android"
      ],
      "subtitle": [
        "dbc.sagasystem.25.title"
      ],
      "description": [
        "dbc.sagasystem.25.desc"
      ],
      "objectives": [
        [
          "start",
          "dim2;NOverworld",
          "kill;Njinryuudragonblockc.Cyborg16;H12000;A1200",
          "kill;Njinryuudragonblockc.Cyborg17;H11000;A1100"
        ]
      ],
      "rewards": [
        [
          "tp!fix!250||align!+10;jinryuujrmcore.missionSys.Protect;26",
          "tp!fix!250||align!0;jinryuujrmcore.missionSys.Myself;26",
          "tp!fix!250||align!-10;jinryuujrmcore.missionSys.Evil;26"
        ]
      ]
    },
    {
      "id": 26,
      "translated": true,
      "props": [
        "default"
      ],
      "align": [
        "neutral"
      ],
      "title": [
        "dbc.sagasystem.android"
      ],
      "subtitle": [
        "dbc.sagasystem.26.title"
      ],
      "description": [
        "dbc.sagasystem.26.desc"
      ],
      "objectives": [
        [
          "start",
          "dim2;NOverworld",
          "kill;Njinryuudragonblockc.Cell2;H16000;A1600;Tjinryuudragonblockc.Cell3|300|1.1"
        ]
      ],
      "rewards": [
        [
          "tp!fix!260||align!+10;jinryuujrmcore.missionSys.Protect;27",
          "tp!fix!260||align!0;jinryuujrmcore.missionSys.Myself;27",
          "tp!fix!260||align!-10;jinryuujrmcore.missionSys.Evil;27"
        ]
      ]
    },
    {
      "id": 27,
      "translated": true,
      "props": [
        "default",
        "saiyan"
      ],
      "align": [
        "neutral",
        "neutral"
      ],
      "title": [
        "dbc.sagasystem.android",
        "dbc.sagasystem.android"
      ],
      "subtitle": [
        "dbc.sagasystem.27.title",
        "dbc.sagasystem.27.title"
      ],
      "description": [
        "dbc.sagasystem.27.desc",
        "dbc.sagasystem.27.desc"
      ],
      "objectives": [
        [
          "skip"
        ],
        [
          "next",
          "state;NSS2"
        ]
      ],
      "rewards": [
        [
          "nothing;Skip;28"
        ],
        [
          "nothing;Next;28"
        ]
      ]
    },
    {
      "id": 28,
      "translated": true,
      "props": [
        "default"
      ],
      "align": [
        "neutral"
      ],
      "title": [
        "dbc.sagasystem.android"
      ],
      "subtitle": [
        "dbc.sagasystem.28.title"
      ],
      "description": [
        "dbc.sagasystem.28.desc"
      ],
      "objectives": [
        [
          "start",
          "biome;NPlains"
        ]
      ],
      "rewards": [
        [
          "nothing;Next;29"
        ]
      ]
    },
    {
      "id": 29,
      "translated": true,
      "props": [
        "default"
      ],
      "align": [
        "neutral"
      ],
      "title": [
        "dbc.sagasystem.android"
      ],
      "subtitle": [
        "dbc.sagasystem.29.title"
      ],
      "description": [
        "dbc.sagasystem.29.desc"
      ],
      "objectives": [
        [
          "start",
          "dim2;NOverworld",
          "killsame;Njinryuudragonblockc.CellJr;M7;H3000;A300;"
        ]
      ],
      "rewards": [
        [
          "tp!fix!290||align!+10;jinryuujrmcore.missionSys.Protect;30",
          "tp!fix!290||align!0;jinryuujrmcore.missionSys.Myself;30",
          "tp!fix!290||align!-10;jinryuujrmcore.missionSys.Evil;30"
        ]
      ]
    },
    {
      "id": 30,
      "translated": true,
      "props": [
        "default"
      ],
      "align": [
        "neutral"
      ],
      "title": [
        "dbc.sagasystem.android"
      ],
      "subtitle": [
        "dbc.sagasystem.30.title"
      ],
      "description": [
        "dbc.sagasystem.30.desc"
      ],
      "objectives": [
        [
          "start",
          "dim2;NOverworld",
          "kill;Njinryuudragonblockc.Cell3;H20000;A2000;Tjinryuudragonblockc.Cell4|400|1.2"
        ]
      ],
      "rewards": [
        [
          "tp!fix!300||align!+10;jinryuujrmcore.missionSys.Protect;31",
          "tp!fix!300||align!0;jinryuujrmcore.missionSys.Myself;31",
          "tp!fix!300||align!-10;jinryuujrmcore.missionSys.Evil;31"
        ]
      ]
    },
    {
      "id": 31,
      "translated": true,
      "props": [
        "default"
      ],
      "align": [
        "neutral"
      ],
      "title": [
        "dbc.sagasystem.buu"
      ],
      "subtitle": [
        "dbc.sagasystem.31.title"
      ],
      "description": [
        "dbc.sagasystem.31.desc"
      ],
      "objectives": [
        [
          "next",
          "talk;Njinryuudragonblockc.masterbabidi;Gdbc.MainSaga.31.m;Bdbc.MainSaga.31.b"
        ]
      ],
      "rewards": [
        [
          "nothing;Next;32"
        ]
      ]
    },
    {
      "id": 32,
      "translated": true,
      "props": [
        "default"
      ],
      "align": [
        "neutral"
      ],
      "title": [
        "dbc.sagasystem.buu"
      ],
      "subtitle": [
        "dbc.sagasystem.32.title"
      ],
      "description": [
        "dbc.sagasystem.32.desc"
      ],
      "objectives": [
        [
          "start",
          "dim2;NOverworld",
          "kill;Njinryuudragonblockc.Puipui;H10000;A1000;Sdbc.MainSaga.32.1;Ddbc.MainSaga.32.d"
        ]
      ],
      "rewards": [
        [
          "tp!fix!320||align!+10;jinryuujrmcore.missionSys.Protect;33",
          "tp!fix!320||align!0;jinryuujrmcore.missionSys.Myself;33",
          "tp!fix!320||align!-10;jinryuujrmcore.missionSys.Evil;33"
        ]
      ]
    },
    {
      "id": 33,
      "translated": true,
      "props": [
        "default"
      ],
      "align": [
        "neutral"
      ],
      "title": [
        "dbc.sagasystem.buu"
      ],
      "subtitle": [
        "dbc.sagasystem.33.title"
      ],
      "description": [
        "dbc.sagasystem.33.desc"
      ],
      "objectives": [
        [
          "start",
          "dim2;NOverworld",
          "kill;Njinryuudragonblockc.Yakon;H14000;A1400;Sdbc.MainSaga.33.1;Ddbc.MainSaga.33.d"
        ]
      ],
      "rewards": [
        [
          "tp!fix!330||align!+10;jinryuujrmcore.missionSys.Protect;34",
          "tp!fix!330||align!0;jinryuujrmcore.missionSys.Myself;34",
          "tp!fix!330||align!-10;jinryuujrmcore.missionSys.Evil;34"
        ]
      ]
    },
    {
      "id": 34,
      "translated": true,
      "props": [
        "default"
      ],
      "align": [
        "neutral"
      ],
      "title": [
        "dbc.sagasystem.buu"
      ],
      "subtitle": [
        "dbc.sagasystem.34.title"
      ],
      "description": [
        "dbc.sagasystem.34.desc"
      ],
      "objectives": [
        [
          "start",
          "dim2;NOverworld",
          "kill;Njinryuudragonblockc.Darbura;H18000;A1800;Sdbc.MainSaga.34.1;Ddbc.MainSaga.34.d"
        ]
      ],
      "rewards": [
        [
          "tp!fix!340||align!+10;jinryuujrmcore.missionSys.Protect;35",
          "tp!fix!340||align!0;jinryuujrmcore.missionSys.Myself;35",
          "tp!fix!340||align!-10;jinryuujrmcore.missionSys.Evil;35"
        ]
      ]
    },
    {
      "id": 35,
      "translated": true,
      "props": [
        "default"
      ],
      "align": [
        "neutral"
      ],
      "title": [
        "dbc.sagasystem.buu"
      ],
      "subtitle": [
        "dbc.sagasystem.35.title"
      ],
      "description": [
        "dbc.sagasystem.35.desc"
      ],
      "objectives": [
        [
          "start",
          "dim2;NOverworld",
          "kill;Njinryuudragonblockc.BuuFat;H24000;A2400;Sdbc.MainSaga.35.1;Ddbc.MainSaga.35.d"
        ]
      ],
      "rewards": [
        [
          "tp!fix!350||align!+10;jinryuujrmcore.missionSys.Protect;36",
          "tp!fix!350||align!0;jinryuujrmcore.missionSys.Myself;36",
          "tp!fix!350||align!-10;jinryuujrmcore.missionSys.Evil;36"
        ]
      ]
    },
    {
      "id": 36,
      "translated": true,
      "props": [
        "default",
        "saiyan"
      ],
      "align": [
        "neutral",
        "neutral"
      ],
      "title": [
        "dbc.sagasystem.buu",
        "dbc.sagasystem.buu"
      ],
      "subtitle": [
        "dbc.sagasystem.36.title",
        "dbc.sagasystem.36.title"
      ],
      "description": [
        "dbc.sagasystem.36.desc",
        "dbc.sagasystem.36.desc"
      ],
      "objectives": [
        [
          "skip"
        ],
        [
          "start",
          "state;NSS3"
        ]
      ],
      "rewards": [
        [
          "nothing;Skip;37"
        ],
        [
          "nothing;Next;37"
        ]
      ]
    },
    {
      "id": 37,
      "translated": true,
      "props": [
        "default"
      ],
      "align": [
        "neutral"
      ],
      "title": [
        "dbc.sagasystem.buu"
      ],
      "subtitle": [
        "dbc.sagasystem.37.title"
      ],
      "description": [
        "dbc.sagasystem.37.desc"
      ],
      "objectives": [
        [
          "start",
          "dim2;NOverworld",
          "kill;Njinryuudragonblockc.BuuFat;H30000;A3000;Sdbc.MainSaga.37.1;Ddbc.MainSaga.37.d"
        ]
      ],
      "rewards": [
        [
          "tp!fix!370||align!+10;jinryuujrmcore.missionSys.Protect;38",
          "tp!fix!370||align!0;jinryuujrmcore.missionSys.Myself;38",
          "tp!fix!370||align!-10;jinryuujrmcore.missionSys.Evil;38"
        ]
      ]
    },
    {
      "id": 38,
      "translated": true,
      "props": [
        "default"
      ],
      "align": [
        "neutral"
      ],
      "title": [
        "dbc.sagasystem.buu"
      ],
      "subtitle": [
        "dbc.sagasystem.38.title"
      ],
      "description": [
        "dbc.sagasystem.38.desc"
      ],
      "objectives": [
        [
          "start",
          "biome;NPlains"
        ]
      ],
      "rewards": [
        [
          "nothing;Next;39"
        ]
      ]
    },
    {
      "id": 39,
      "translated": true,
      "props": [
        "default"
      ],
      "align": [
        "neutral"
      ],
      "title": [
        "dbc.sagasystem.buu"
      ],
      "subtitle": [
        "dbc.sagasystem.39.title"
      ],
      "description": [
        "dbc.sagasystem.39.desc"
      ],
      "objectives": [
        [
          "start",
          "dim2;NOverworld",
          "kill;Njinryuudragonblockc.BuuSuper;H33000;A3300;Sdbc.MainSaga.39.1;Ddbc.MainSaga.39.d"
        ]
      ],
      "rewards": [
        [
          "tp!lvlalign!1.1||align!+10;jinryuujrmcore.missionSys.Protect;40",
          "tp!lvlalign!1.1||align!0;jinryuujrmcore.missionSys.Myself;40",
          "tp!lvlalign!1.1||align!-10;jinryuujrmcore.missionSys.Evil;40"
        ]
      ]
    },
    {
      "id": 40,
      "translated": true,
      "props": [
        "default"
      ],
      "align": [
        "neutral"
      ],
      "title": [
        "dbc.sagasystem.buu"
      ],
      "subtitle": [
        "dbc.sagasystem.40.title"
      ],
      "description": [
        "dbc.sagasystem.40.desc"
      ],
      "objectives": [
        [
          "start",
          "dim2;NOverworld",
          "kill;Njinryuudragonblockc.BuuFusion;H36000;A3600;Sdbc.MainSaga.40.1;Ddbc.MainSaga.40.d"
        ]
      ],
      "rewards": [
        [
          "tp!lvlalign!1.1||align!+10;jinryuujrmcore.missionSys.Protect;41",
          "tp!lvlalign!1.1||align!0;jinryuujrmcore.missionSys.Myself;41",
          "tp!lvlalign!1.1||align!-10;jinryuujrmcore.missionSys.Evil;41"
        ]
      ]
    },
    {
      "id": 41,
      "translated": true,
      "props": [
        "default"
      ],
      "align": [
        "neutral"
      ],
      "title": [
        "dbc.sagasystem.buu"
      ],
      "subtitle": [
        "dbc.sagasystem.41.title"
      ],
      "description": [
        "dbc.sagasystem.41.desc"
      ],
      "objectives": [
        [
          "start",
          "dim2;NOverworld",
          "kill;Njinryuudragonblockc.BuuPiccolo;H34000;A6400;Sdbc.MainSaga.41.1;Ddbc.MainSaga.41.d"
        ]
      ],
      "rewards": [
        [
          "tp!lvlalign!1.1||align!+10;jinryuujrmcore.missionSys.Protect;42",
          "tp!lvlalign!1.1||align!0;jinryuujrmcore.missionSys.Myself;42",
          "tp!lvlalign!1.1||align!-10;jinryuujrmcore.missionSys.Evil;42"
        ]
      ]
    },
    {
      "id": 42,
      "translated": true,
      "props": [
        "default"
      ],
      "align": [
        "neutral"
      ],
      "title": [
        "dbc.sagasystem.buu"
      ],
      "subtitle": [
        "dbc.sagasystem.42.title"
      ],
      "description": [
        "dbc.sagasystem.42.desc"
      ],
      "objectives": [
        [
          "start",
          "dim2;NOverworld",
          "kill;Njinryuudragonblockc.BuuUltimate;H40000;A4000;Sdbc.MainSaga.42.1;Ddbc.MainSaga.42.d"
        ]
      ],
      "rewards": [
        [
          "tp!lvlalign!1.1||align!+10;jinryuujrmcore.missionSys.Protect;43",
          "tp!lvlalign!1.1||align!0;jinryuujrmcore.missionSys.Myself;43",
          "tp!lvlalign!1.1||align!-10;jinryuujrmcore.missionSys.Evil;43"
        ]
      ]
    },
    {
      "id": 43,
      "translated": true,
      "props": [
        "default"
      ],
      "align": [
        "neutral"
      ],
      "title": [
        "dbc.sagasystem.buu"
      ],
      "subtitle": [
        "dbc.sagasystem.43.title"
      ],
      "description": [
        "dbc.sagasystem.43.desc"
      ],
      "objectives": [
        [
          "start",
          "dim2;NOverworld",
          "kill;Njinryuudragonblockc.BuuKid;H15000;A6000;Sdbc.MainSaga.43.1;Ddbc.MainSaga.43.d"
        ]
      ],
      "rewards": [
        [
          "tp!lvlalign!1.1||align!+10;jinryuujrmcore.missionSys.Protect;44",
          "tp!lvlalign!1.1||align!0;jinryuujrmcore.missionSys.Myself;44",
          "tp!lvlalign!1.1||align!-10;jinryuujrmcore.missionSys.Evil;44"
        ]
      ]
    },
    {
      "id": 44,
      "translated": true,
      "props": [
        "default"
      ],
      "align": [
        "neutral"
      ],
      "title": [
        "dbc.sagasystem.buu"
      ],
      "subtitle": [
        "dbc.sagasystem.44.title"
      ],
      "description": [
        "dbc.sagasystem.44.desc"
      ],
      "objectives": [
        [
          "start",
          "biome;NPlains"
        ]
      ],
      "rewards": [
        [
          "nothing;Next;45"
        ]
      ]
    },
    {
      "id": 45,
      "translated": true,
      "props": [
        "default"
      ],
      "align": [
        "neutral"
      ],
      "title": [
        "dbc.sagasystem.beerus"
      ],
      "subtitle": [
        "dbc.sagasystem.45.title"
      ],
      "description": [
        "dbc.sagasystem.45.desc"
      ],
      "objectives": [
        [
          "start",
          "biome;NPlains"
        ]
      ],
      "rewards": [
        [
          "nothing;Next;46"
        ]
      ]
    },
    {
      "id": 46,
      "translated": true,
      "props": [
        "default"
      ],
      "align": [
        "neutral"
      ],
      "title": [
        "dbc.sagasystem.beerus"
      ],
      "subtitle": [
        "dbc.sagasystem.46.title"
      ],
      "description": [
        "dbc.sagasystem.46.desc"
      ],
      "objectives": [
        [
          "start",
          "dim2;NOverworld",
          "kill;Njinryuudragonblockc.Beerus;H46000;A4600;Sdbc.MainSaga.46.1;Ddbc.MainSaga.46.d"
        ]
      ],
      "rewards": [
        [
          "tp!lvlalign!1.1||align!+10;jinryuujrmcore.missionSys.Protect;47",
          "tp!lvlalign!1.1||align!0;jinryuujrmcore.missionSys.Myself;47",
          "tp!lvlalign!1.1||align!-10;jinryuujrmcore.missionSys.Evil;47"
        ]
      ]
    },
    {
      "id": 47,
      "translated": true,
      "props": [
        "default",
        "saiyan"
      ],
      "align": [
        "neutral",
        "neutral"
      ],
      "title": [
        "dbc.sagasystem.beerus",
        "dbc.sagasystem.beerus"
      ],
      "subtitle": [
        "dbc.sagasystem.47.title",
        "dbc.sagasystem.47.title"
      ],
      "description": [
        "dbc.sagasystem.47.desc",
        "dbc.sagasystem.47.desc"
      ],
      "objectives": [
        [
          "skip"
        ],
        [
          "start",
          "state;NSSGod"
        ]
      ],
      "rewards": [
        [
          "nothing;Skip;48"
        ],
        [
          "nothing;Next;48"
        ]
      ]
    },
    {
      "id": 48,
      "translated": true,
      "props": [
        "default"
      ],
      "align": [
        "neutral"
      ],
      "title": [
        "dbc.sagasystem.beerus"
      ],
      "subtitle": [
        "dbc.sagasystem.48.title"
      ],
      "description": [
        "dbc.sagasystem.48.desc"
      ],
      "objectives": [
        [
          "start",
          "dim2;NOverworld",
          "kill;Njinryuudragonblockc.Beerus;H48000;A5000;Sdbc.MainSaga.48.1;Ddbc.MainSaga.48.d"
        ]
      ],
      "rewards": [
        [
          "tp!lvlalign!1.1||align!+10;jinryuujrmcore.missionSys.Protect;49",
          "tp!lvlalign!1.1||align!0;jinryuujrmcore.missionSys.Myself;49",
          "tp!lvlalign!1.1||align!-10;jinryuujrmcore.missionSys.Evil;49"
        ]
      ]
    },
    {
      "id": 49,
      "translated": true,
      "props": [
        "default"
      ],
      "align": [
        "neutral"
      ],
      "title": [
        "dbc.sagasystem.gfreeza"
      ],
      "subtitle": [
        "dbc.sagasystem.49.title"
      ],
      "description": [
        "dbc.sagasystem.49.desc"
      ],
      "objectives": [
        [
          "start",
          "dim2;NOverworld",
          "kill;Njinryuudragonblockc.Whis;H50000;A5000;Sdbc.MainSaga.49.1;Ddbc.MainSaga.49.d"
        ]
      ],
      "rewards": [
        [
          "tp!lvlalign!1.1||align!+10;jinryuujrmcore.missionSys.Protect;50",
          "tp!lvlalign!1.1||align!0;jinryuujrmcore.missionSys.Myself;50",
          "tp!lvlalign!1.1||align!-10;jinryuujrmcore.missionSys.Evil;50"
        ]
      ]
    },
    {
      "id": 50,
      "translated": true,
      "props": [
        "default"
      ],
      "align": [
        "neutral"
      ],
      "title": [
        "dbc.sagasystem.gfreeza"
      ],
      "subtitle": [
        "dbc.sagasystem.50.title"
      ],
      "description": [
        "dbc.sagasystem.50.desc"
      ],
      "objectives": [
        [
          "start",
          "dim2;NOverworld",
          "killsame;Njinryuudragonblockc.FreezaSoldier1;M10;H1000;A100",
          "killsame;Njinryuudragonblockc.FreezaSoldier2;M10;H1000;A100",
          "killsame;Njinryuudragonblockc.FreezaSoldier3;M10;H1000;A100"
        ]
      ],
      "rewards": [
        [
          "tp!fix!500||align!+10;jinryuujrmcore.missionSys.Protect;51",
          "tp!fix!500||align!0;jinryuujrmcore.missionSys.Myself;51",
          "tp!fix!500||align!-10;jinryuujrmcore.missionSys.Evil;51"
        ]
      ]
    },
    {
      "id": 51,
      "translated": true,
      "props": [
        "default"
      ],
      "align": [
        "neutral"
      ],
      "title": [
        "dbc.sagasystem.gfreeza"
      ],
      "subtitle": [
        "dbc.sagasystem.51.title"
      ],
      "description": [
        "dbc.sagasystem.51.desc"
      ],
      "objectives": [
        [
          "start",
          "dim2;NOverworld",
          "kill;Njinryuudragonblockc.Shisami;H6000;A2000;Sdbc.MainSaga.51.1;Ddbc.MainSaga.51.d"
        ]
      ],
      "rewards": [
        [
          "tp!lvlalign!1.1||align!+10;jinryuujrmcore.missionSys.Protect;52",
          "tp!lvlalign!1.1||align!0;jinryuujrmcore.missionSys.Myself;52",
          "tp!lvlalign!1.1||align!-10;jinryuujrmcore.missionSys.Evil;52"
        ]
      ]
    },
    {
      "id": 52,
      "translated": true,
      "props": [
        "default"
      ],
      "align": [
        "neutral"
      ],
      "title": [
        "dbc.sagasystem.gfreeza"
      ],
      "subtitle": [
        "dbc.sagasystem.52.title"
      ],
      "description": [
        "dbc.sagasystem.52.desc"
      ],
      "objectives": [
        [
          "start",
          "dim2;NOverworld",
          "kill;Njinryuudragonblockc.Tagoma;H20000;A4000;Sdbc.MainSaga.52.1;Ddbc.MainSaga.52.d"
        ]
      ],
      "rewards": [
        [
          "tp!lvlalign!1.1||align!+10;jinryuujrmcore.missionSys.Protect;53",
          "tp!lvlalign!1.1||align!0;jinryuujrmcore.missionSys.Myself;53",
          "tp!lvlalign!1.1||align!-10;jinryuujrmcore.missionSys.Evil;53"
        ]
      ]
    },
    {
      "id": 53,
      "translated": true,
      "props": [
        "default"
      ],
      "align": [
        "neutral"
      ],
      "title": [
        "dbc.sagasystem.gfreeza"
      ],
      "subtitle": [
        "dbc.sagasystem.53.title"
      ],
      "description": [
        "dbc.sagasystem.53.desc"
      ],
      "objectives": [
        [
          "start",
          "dim2;NOverworld",
          "kill;Njinryuudragonblockc.Freeza6;H40000;A4000;Sdbc.MainSaga.53.1;Ddbc.MainSaga.53.d"
        ]
      ],
      "rewards": [
        [
          "tp!lvlalign!1.1||align!+10;jinryuujrmcore.missionSys.Protect;54",
          "tp!lvlalign!1.1||align!0;jinryuujrmcore.missionSys.Myself;54",
          "tp!lvlalign!1.1||align!-10;jinryuujrmcore.missionSys.Evil;54"
        ]
      ]
    },
    {
      "id": 54,
      "translated": true,
      "props": [
        "default",
        "saiyan"
      ],
      "align": [
        "neutral",
        "neutral"
      ],
      "title": [
        "dbc.sagasystem.gfreeza",
        "dbc.sagasystem.gfreeza"
      ],
      "subtitle": [
        "dbc.sagasystem.54.title",
        "dbc.sagasystem.54.title"
      ],
      "description": [
        "dbc.sagasystem.54.desc",
        "dbc.sagasystem.54.desc"
      ],
      "objectives": [
        [
          "skip"
        ],
        [
          "start",
          "state;NSSB"
        ]
      ],
      "rewards": [
        [
          "nothing;Skip;55"
        ],
        [
          "nothing;Next;55"
        ]
      ]
    },
    {
      "id": 55,
      "translated": true,
      "props": [
        "default"
      ],
      "align": [
        "neutral"
      ],
      "title": [
        "dbc.sagasystem.gfreeza"
      ],
      "subtitle": [
        "dbc.sagasystem.55.title"
      ],
      "description": [
        "dbc.sagasystem.55.desc"
      ],
      "objectives": [
        [
          "start",
          "dim2;NOverworld",
          "kill;Njinryuudragonblockc.FreezaGolden;H45000;A6000;Sdbc.MainSaga.55.1;Ddbc.MainSaga.55.d"
        ]
      ],
      "rewards": [
        [
          "tp!lvlalign!1.1||align!+10;jinryuujrmcore.missionSys.Protect;56",
          "tp!lvlalign!1.1||align!0;jinryuujrmcore.missionSys.Myself;56",
          "tp!lvlalign!1.1||align!-10;jinryuujrmcore.missionSys.Evil;56"
        ]
      ]
    },
    {
      "id": 56,
      "translated": true,
      "props": [
        "default"
      ],
      "align": [
        "neutral"
      ],
      "title": [
        "dbc.sagasystem.universe6"
      ],
      "subtitle": [
        "dbc.sagasystem.56.title"
      ],
      "description": [
        "dbc.sagasystem.56.desc"
      ],
      "objectives": [
        [
          "start",
          "biome;NPlains"
        ]
      ],
      "rewards": [
        [
          "nothing;Next;57"
        ]
      ]
    },
    {
      "id": 57,
      "translated": true,
      "props": [
        "default"
      ],
      "align": [
        "neutral"
      ],
      "title": [
        "dbc.sagasystem.universe6"
      ],
      "subtitle": [
        "dbc.sagasystem.57.title"
      ],
      "description": [
        "dbc.sagasystem.57.desc"
      ],
      "objectives": [
        [
          "start",
          "dim2;NOverworld",
          "kill;Njinryuudragonblockc.Botamo;H20000;A500;Sdbc.MainSaga.57.1;Ddbc.MainSaga.57.d"
        ]
      ],
      "rewards": [
        [
          "tp!lvlalign!1.1||align!+10;jinryuujrmcore.missionSys.Protect;58",
          "tp!lvlalign!1.1||align!0;jinryuujrmcore.missionSys.Myself;58",
          "tp!lvlalign!1.1||align!-10;jinryuujrmcore.missionSys.Evil;58"
        ]
      ]
    },
    {
      "id": 58,
      "translated": true,
      "props": [
        "default"
      ],
      "align": [
        "neutral"
      ],
      "title": [
        "dbc.sagasystem.universe6"
      ],
      "subtitle": [
        "dbc.sagasystem.58.title"
      ],
      "description": [
        "dbc.sagasystem.58.desc"
      ],
      "objectives": [
        [
          "start",
          "dim2;NOverworld",
          "kill;Njinryuudragonblockc.Frost1;H18000;A3000;Tjinryuudragonblockc.Frost3|150|1.1||jinryuudragonblockc.Frost4|150|1.1"
        ]
      ],
      "rewards": [
        [
          "tp!fix!580||align!+10;jinryuujrmcore.missionSys.Protect;59",
          "tp!fix!580||align!0;jinryuujrmcore.missionSys.Myself;59",
          "tp!fix!580||align!-10;jinryuujrmcore.missionSys.Evil;59"
        ]
      ]
    },
    {
      "id": 59,
      "translated": true,
      "props": [
        "default"
      ],
      "align": [
        "neutral"
      ],
      "title": [
        "dbc.sagasystem.universe6"
      ],
      "subtitle": [
        "dbc.sagasystem.59.title"
      ],
      "description": [
        "dbc.sagasystem.59.desc"
      ],
      "objectives": [
        [
          "start",
          "dim2;NOverworld",
          "kill;Njinryuudragonblockc.Magetta;H38000;A6000;Sdbc.MainSaga.59.1;Ddbc.MainSaga.59.d"
        ]
      ],
      "rewards": [
        [
          "tp!lvlalign!1.1||align!+10;jinryuujrmcore.missionSys.Protect;60",
          "tp!lvlalign!1.1||align!0;jinryuujrmcore.missionSys.Myself;60",
          "tp!lvlalign!1.1||align!-10;jinryuujrmcore.missionSys.Evil;60"
        ]
      ]
    },
    {
      "id": 60,
      "translated": true,
      "props": [
        "default"
      ],
      "align": [
        "neutral"
      ],
      "title": [
        "dbc.sagasystem.universe6"
      ],
      "subtitle": [
        "dbc.sagasystem.60.title"
      ],
      "description": [
        "dbc.sagasystem.60.desc"
      ],
      "objectives": [
        [
          "start",
          "dim2;NOverworld",
          "kill;Njinryuudragonblockc.Cabba;H18000;A6000;Sdbc.MainSaga.60.1;Ddbc.MainSaga.60.d"
        ]
      ],
      "rewards": [
        [
          "tp!lvlalign!1.1||align!+10;jinryuujrmcore.missionSys.Protect;61",
          "tp!lvlalign!1.1||align!0;jinryuujrmcore.missionSys.Myself;61",
          "tp!lvlalign!1.1||align!-10;jinryuujrmcore.missionSys.Evil;61"
        ]
      ]
    },
    {
      "id": 61,
      "translated": true,
      "props": [
        "default"
      ],
      "align": [
        "neutral"
      ],
      "title": [
        "dbc.sagasystem.universe6"
      ],
      "subtitle": [
        "dbc.sagasystem.61.title"
      ],
      "description": [
        "dbc.sagasystem.61.desc"
      ],
      "objectives": [
        [
          "start",
          "dim2;NOverworld",
          "kill;Njinryuudragonblockc.CabbaSSJ;H25000;A7000;Sdbc.MainSaga.61.1;Ddbc.MainSaga.61.d"
        ]
      ],
      "rewards": [
        [
          "tp!lvlalign!1.1||align!+10;jinryuujrmcore.missionSys.Protect;62",
          "tp!lvlalign!1.1||align!0;jinryuujrmcore.missionSys.Myself;62",
          "tp!lvlalign!1.1||align!-10;jinryuujrmcore.missionSys.Evil;62"
        ]
      ]
    },
    {
      "id": 62,
      "translated": true,
      "props": [
        "default"
      ],
      "align": [
        "neutral"
      ],
      "title": [
        "dbc.sagasystem.universe6"
      ],
      "subtitle": [
        "dbc.sagasystem.62.title"
      ],
      "description": [
        "dbc.sagasystem.62.desc"
      ],
      "objectives": [
        [
          "start",
          "dim2;NOverworld",
          "kill;Njinryuudragonblockc.Hit;H55000;A8000;Sdbc.MainSaga.62.1;Ddbc.MainSaga.62.d"
        ]
      ],
      "rewards": [
        [
          "tp!lvlalign!1.1||align!+10;jinryuujrmcore.missionSys.Protect;63",
          "tp!lvlalign!1.1||align!0;jinryuujrmcore.missionSys.Myself;63",
          "tp!lvlalign!1.1||align!-10;jinryuujrmcore.missionSys.Evil;63"
        ]
      ]
    },
    {
      "id": 63,
      "translated": true,
      "props": [
        "default"
      ],
      "align": [
        "neutral"
      ],
      "title": [
        "dbc.sagasystem.universe6"
      ],
      "subtitle": [
        "dbc.sagasystem.63.title"
      ],
      "description": [
        "dbc.sagasystem.63.desc"
      ],
      "objectives": [
        [
          "start",
          "biome;NPlains"
        ]
      ],
      "rewards": [
        [
          "nothing;Next;64"
        ]
      ]
    },
    {
      "id": 64,
      "translated": true,
      "props": [
        "default"
      ],
      "align": [
        "neutral"
      ],
      "title": [
        "dbc.sagasystem.cvegeta"
      ],
      "subtitle": [
        "dbc.sagasystem.64.title"
      ],
      "description": [
        "dbc.sagasystem.64.desc"
      ],
      "objectives": [
        [
          "start",
          "dim2;NOverworld",
          "kill;Njinryuudragonblockc.BeerusMonaka;H52000;A4000;Tjinryuudragonblockc.BeerusMonaka2|3000|1.2||jinryuudragonblockc.BeerusMonaka3|3000|1.2"
        ]
      ],
      "rewards": [
        [
          "tp!fix!640||align!+10;jinryuujrmcore.missionSys.Protect;65",
          "tp!fix!640||align!0;jinryuujrmcore.missionSys.Myself;65",
          "tp!fix!640||align!-10;jinryuujrmcore.missionSys.Evil;65"
        ]
      ]
    },
    {
      "id": 65,
      "translated": true,
      "props": [
        "default"
      ],
      "align": [
        "neutral"
      ],
      "title": [
        "dbc.sagasystem.cvegeta"
      ],
      "subtitle": [
        "dbc.sagasystem.65.title"
      ],
      "description": [
        "dbc.sagasystem.65.desc"
      ],
      "objectives": [
        [
          "start",
          "dim2;NOverworld",
          "kill;Njinryuudragonblockc.VegetaCopy;H54000;A7000;Sdbc.MainSaga.65.1;Ddbc.MainSaga.65.d"
        ]
      ],
      "rewards": [
        [
          "tp!lvlalign!1.1||align!+10;jinryuujrmcore.missionSys.Protect;66",
          "tp!lvlalign!1.1||align!0;jinryuujrmcore.missionSys.Myself;66",
          "tp!lvlalign!1.1||align!-10;jinryuujrmcore.missionSys.Evil;66"
        ]
      ]
    },
    {
      "id": 66,
      "translated": true,
      "props": [
        "default"
      ],
      "align": [
        "neutral"
      ],
      "title": [
        "dbc.sagasystem.cvegeta"
      ],
      "subtitle": [
        "dbc.sagasystem.66.title"
      ],
      "description": [
        "dbc.sagasystem.66.desc"
      ],
      "objectives": [
        [
          "start",
          "dim2;NOverworld",
          "kill;Njinryuudragonblockc.VegetaCopyBlue;H56000;A8000;Sdbc.MainSaga.66.1;Ddbc.MainSaga.66.d"
        ]
      ],
      "rewards": [
        [
          "tp!lvlalign!1.1||align!+10;jinryuujrmcore.missionSys.Protect;67",
          "tp!lvlalign!1.1||align!0;jinryuujrmcore.missionSys.Myself;67",
          "tp!lvlalign!1.1||align!-10;jinryuujrmcore.missionSys.Evil;67"
        ]
      ]
    },
    {
      "id": 67,
      "translated": true,
      "props": [
        "default"
      ],
      "align": [
        "neutral"
      ],
      "title": [
        "dbc.sagasystem.dbsftrunks"
      ],
      "subtitle": [
        "dbc.sagasystem.67.title"
      ],
      "description": [
        "dbc.sagasystem.67.desc"
      ],
      "objectives": [
        [
          "start",
          "biome;NPlains"
        ]
      ],
      "rewards": [
        [
          "nothing;Next;68"
        ]
      ]
    },
    {
      "id": 68,
      "translated": true,
      "props": [
        "default"
      ],
      "align": [
        "neutral"
      ],
      "title": [
        "dbc.sagasystem.dbsftrunks"
      ],
      "subtitle": [
        "dbc.sagasystem.68.title"
      ],
      "description": [
        "dbc.sagasystem.68.desc"
      ],
      "objectives": [
        [
          "start",
          "dim2;NOverworld",
          "kill;Njinryuudragonblockc.GokuBlack;H45000;A6000;Sdbc.MainSaga.68.1;Ddbc.MainSaga.68.d"
        ]
      ],
      "rewards": [
        [
          "tp!lvlalign!1.1||align!+10;jinryuujrmcore.missionSys.Protect;69",
          "tp!lvlalign!1.1||align!0;jinryuujrmcore.missionSys.Myself;69",
          "tp!lvlalign!1.1||align!-10;jinryuujrmcore.missionSys.Evil;69"
        ]
      ]
    },
    {
      "id": 69,
      "translated": true,
      "props": [
        "default"
      ],
      "align": [
        "neutral"
      ],
      "title": [
        "dbc.sagasystem.dbsftrunks"
      ],
      "subtitle": [
        "dbc.sagasystem.69.title"
      ],
      "description": [
        "dbc.sagasystem.69.desc"
      ],
      "objectives": [
        [
          "start",
          "dim2;NOverworld"
        ]
      ],
      "rewards": [
        [
          "nothing;Next;70"
        ]
      ]
    },
    {
      "id": 70,
      "translated": true,
      "props": [
        "default"
      ],
      "align": [
        "neutral"
      ],
      "title": [
        "dbc.sagasystem.dbsftrunks"
      ],
      "subtitle": [
        "dbc.sagasystem.70.title"
      ],
      "description": [
        "dbc.sagasystem.70.desc"
      ],
      "objectives": [
        [
          "start",
          "dim2;NOverworld",
          "kill;Njinryuudragonblockc.Zamasu;H20000;A4000;Sdbc.MainSaga.70.1;Ddbc.MainSaga.70.d"
        ]
      ],
      "rewards": [
        [
          "tp!lvlalign!1.1||align!+10;jinryuujrmcore.missionSys.Protect;71",
          "tp!lvlalign!1.1||align!0;jinryuujrmcore.missionSys.Myself;71",
          "tp!lvlalign!1.1||align!-10;jinryuujrmcore.missionSys.Evil;71"
        ]
      ]
    },
    {
      "id": 71,
      "translated": true,
      "props": [
        "default"
      ],
      "align": [
        "neutral"
      ],
      "title": [
        "dbc.sagasystem.dbsftrunks"
      ],
      "subtitle": [
        "dbc.sagasystem.71.title"
      ],
      "description": [
        "dbc.sagasystem.71.desc"
      ],
      "objectives": [
        [
          "start",
          "dim2;NOverworld",
          "kill;Njinryuudragonblockc.GokuBlack;H58000;A9000;Sdbc.MainSaga.71.1;Ddbc.MainSaga.71.d"
        ]
      ],
      "rewards": [
        [
          "tp!lvlalign!1.1||align!+10;jinryuujrmcore.missionSys.Protect;72",
          "tp!lvlalign!1.1||align!0;jinryuujrmcore.missionSys.Myself;72",
          "tp!lvlalign!1.1||align!-10;jinryuujrmcore.missionSys.Evil;72"
        ]
      ]
    },
    {
      "id": 72,
      "translated": true,
      "props": [
        "default"
      ],
      "align": [
        "neutral"
      ],
      "title": [
        "dbc.sagasystem.dbsftrunks"
      ],
      "subtitle": [
        "dbc.sagasystem.72.title"
      ],
      "description": [
        "dbc.sagasystem.72.desc"
      ],
      "objectives": [
        [
          "start",
          "dim2;NOverworld",
          "kill;Njinryuudragonblockc.GokuBlackRose;H60000;A10000;Sdbc.MainSaga.72.1;Ddbc.MainSaga.72.d"
        ]
      ],
      "rewards": [
        [
          "tp!lvlalign!1.1||align!+10;jinryuujrmcore.missionSys.Protect;73",
          "tp!lvlalign!1.1||align!0;jinryuujrmcore.missionSys.Myself;73",
          "tp!lvlalign!1.1||align!-10;jinryuujrmcore.missionSys.Evil;73"
        ]
      ]
    },
    {
      "id": 73,
      "translated": true,
      "props": [
        "default"
      ],
      "align": [
        "neutral"
      ],
      "title": [
        "dbc.sagasystem.dbsftrunks"
      ],
      "subtitle": [
        "dbc.sagasystem.73.title"
      ],
      "description": [
        "dbc.sagasystem.73.desc"
      ],
      "objectives": [
        [
          "start",
          "dim2;NOverworld"
        ]
      ],
      "rewards": [
        [
          "nothing;Next;74"
        ]
      ]
    },
    {
      "id": 74,
      "translated": true,
      "props": [
        "default"
      ],
      "align": [
        "neutral"
      ],
      "title": [
        "dbc.sagasystem.dbsftrunks"
      ],
      "subtitle": [
        "dbc.sagasystem.74.title"
      ],
      "description": [
        "dbc.sagasystem.74.desc"
      ],
      "objectives": [
        [
          "start",
          "dim2;NOverworld"
        ]
      ],
      "rewards": [
        [
          "nothing;Next;75"
        ]
      ]
    },
    {
      "id": 75,
      "translated": true,
      "props": [
        "default"
      ],
      "align": [
        "neutral"
      ],
      "title": [
        "dbc.sagasystem.dbsftrunks"
      ],
      "subtitle": [
        "dbc.sagasystem.75.title"
      ],
      "description": [
        "dbc.sagasystem.75.desc"
      ],
      "objectives": [
        [
          "start",
          "dim2;NOverworld",
          "kill;Njinryuudragonblockc.Zamasu;H9000;A4000;Sdbc.MainSaga.75.1;Ddbc.MainSaga.75.d",
          "kill;Njinryuudragonblockc.GokuBlackRose;H60000;A11000;Sdbc.MainSaga.75.2;Ddbc.MainSaga.75.2d"
        ]
      ],
      "rewards": [
        [
          "tp!lvlalign!1.1||align!+10;jinryuujrmcore.missionSys.Protect;76",
          "tp!lvlalign!1.1||align!0;jinryuujrmcore.missionSys.Myself;76",
          "tp!lvlalign!1.1||align!-10;jinryuujrmcore.missionSys.Evil;76"
        ]
      ]
    },
    {
      "id": 76,
      "translated": true,
      "props": [
        "default"
      ],
      "align": [
        "neutral"
      ],
      "title": [
        "dbc.sagasystem.dbsftrunks"
      ],
      "subtitle": [
        "dbc.sagasystem.76.title"
      ],
      "description": [
        "dbc.sagasystem.76.desc"
      ],
      "objectives": [
        [
          "start",
          "dim2;NOverworld"
        ]
      ],
      "rewards": [
        [
          "nothing;Next;77"
        ]
      ]
    },
    {
      "id": 77,
      "translated": true,
      "props": [
        "default"
      ],
      "align": [
        "neutral"
      ],
      "title": [
        "dbc.sagasystem.dbsftrunks"
      ],
      "subtitle": [
        "dbc.sagasystem.77.title"
      ],
      "description": [
        "dbc.sagasystem.77.desc"
      ],
      "objectives": [
        [
          "start",
          "dim2;NOverworld",
          "kill;Njinryuudragonblockc.Zamasu_fused;H62000;A12000;Sdbc.MainSaga.77.1;Ddbc.MainSaga.77.d"
        ]
      ],
      "rewards": [
        [
          "tp!lvlalign!1.1||align!+10;jinryuujrmcore.missionSys.Protect;78",
          "tp!lvlalign!1.1||align!0;jinryuujrmcore.missionSys.Myself;78",
          "tp!lvlalign!1.1||align!-10;jinryuujrmcore.missionSys.Evil;78"
        ]
      ]
    },
    {
      "id": 78,
      "translated": true,
      "props": [
        "default"
      ],
      "align": [
        "neutral"
      ],
      "title": [
        "dbc.sagasystem.dbsftrunks"
      ],
      "subtitle": [
        "dbc.sagasystem.78.title"
      ],
      "description": [
        "dbc.sagasystem.78.desc"
      ],
      "objectives": [
        [
          "start",
          "dim2;NOverworld",
          "kill;Njinryuudragonblockc.Zamasu_fused2;H64000;A14000;Sdbc.MainSaga.78.1;Ddbc.MainSaga.78.d"
        ]
      ],
      "rewards": [
        [
          "tp!lvlalign!1.1||align!+10;jinryuujrmcore.missionSys.Protect;79",
          "tp!lvlalign!1.1||align!0;jinryuujrmcore.missionSys.Myself;79",
          "tp!lvlalign!1.1||align!-10;jinryuujrmcore.missionSys.Evil;79"
        ]
      ]
    },
    {
      "id": 79,
      "translated": true,
      "props": [
        "default"
      ],
      "align": [
        "neutral"
      ],
      "title": [
        "dbc.sagasystem.dbsftrunks"
      ],
      "subtitle": [
        "dbc.sagasystem.79.title"
      ],
      "description": [
        "dbc.sagasystem.79.desc"
      ],
      "objectives": [
        [
          "start",
          "dim2;NOverworld",
          "kill;Njinryuudragonblockc.Zamasu_fused3;H66000;A16000;Sdbc.MainSaga.79.1;Ddbc.MainSaga.79.d"
        ]
      ],
      "rewards": [
        [
          "tp!lvlalign!1.1||align!+10;jinryuujrmcore.missionSys.Protect;80",
          "tp!lvlalign!1.1||align!0;jinryuujrmcore.missionSys.Myself;80",
          "tp!lvlalign!1.1||align!-10;jinryuujrmcore.missionSys.Evil;80"
        ]
      ]
    },
    {
      "id": 80,
      "translated": true,
      "props": [
        "default"
      ],
      "align": [
        "neutral"
      ],
      "title": [
        "dbc.sagasystem.dbsftrunks"
      ],
      "subtitle": [
        "dbc.sagasystem.80.title"
      ],
      "description": [
        "dbc.sagasystem.80.desc"
      ],
      "objectives": [
        [
          "start",
          "dim2;NOverworld"
        ]
      ],
      "rewards": [
        [
          "nothing;Next;81"
        ]
      ]
    },
    {
      "id": 81,
      "translated": true,
      "props": [
        "default"
      ],
      "align": [
        "neutral"
      ],
      "title": [
        "dbc.sagasystem.dbsftrunks"
      ],
      "subtitle": [
        "dbc.sagasystem.81.title"
      ],
      "description": [
        "dbc.sagasystem.81.desc"
      ],
      "objectives": [
        [
          "start",
          "dim2;NOverworld",
          "kill;Njinryuudragonblockc.Hit;H55000;A12000;Sdbc.MainSaga.81.1;Ddbc.MainSaga.81.d"
        ]
      ],
      "rewards": [
        [
          "tp!lvlalign!1.1||align!+10;jinryuujrmcore.missionSys.Protect;82",
          "tp!lvlalign!1.1||align!0;jinryuujrmcore.missionSys.Myself;82",
          "tp!lvlalign!1.1||align!-10;jinryuujrmcore.missionSys.Evil;82"
        ]
      ]
    },
    {
      "id": 82,
      "translated": true,
      "props": [
        "default"
      ],
      "align": [
        "neutral"
      ],
      "title": [
        "dbc.sagasystem.dbsuniversesurvival"
      ],
      "subtitle": [
        "dbc.sagasystem.82.title"
      ],
      "description": [
        "dbc.sagasystem.82.desc"
      ],
      "objectives": [
        [
          "start",
          "dim2;NNull Realm"
        ]
      ],
      "rewards": [
        [
          "nothing;Next;83"
        ]
      ]
    },
    {
      "id": 83,
      "translated": true,
      "props": [
        "default"
      ],
      "align": [
        "neutral"
      ],
      "title": [
        "dbc.sagasystem.dbsuniversesurvival"
      ],
      "subtitle": [
        "dbc.sagasystem.83.title"
      ],
      "description": [
        "dbc.sagasystem.83.desc"
      ],
      "objectives": [
        [
          "start",
          "dim2;NNull Realm",
          "kill;Njinryuudragonblockc.Basil;H60000;A13000;Sdbc.MainSaga.83.1;Ddbc.MainSaga.83.d"
        ]
      ],
      "rewards": [
        [
          "tp!lvlalign!1.1||align!+10;jinryuujrmcore.missionSys.Protect;84",
          "tp!lvlalign!1.1||align!0;jinryuujrmcore.missionSys.Myself;84",
          "tp!lvlalign!1.1||align!-10;jinryuujrmcore.missionSys.Evil;84"
        ]
      ]
    },
    {
      "id": 84,
      "translated": true,
      "props": [
        "default"
      ],
      "align": [
        "neutral"
      ],
      "title": [
        "dbc.sagasystem.dbsuniversesurvival"
      ],
      "subtitle": [
        "dbc.sagasystem.84.title"
      ],
      "description": [
        "dbc.sagasystem.84.desc"
      ],
      "objectives": [
        [
          "start",
          "dim2;NNull Realm",
          "kill;Njinryuudragonblockc.Lavender;H63000;A14000;Sdbc.MainSaga.84.1;Ddbc.MainSaga.84.d"
        ]
      ],
      "rewards": [
        [
          "tp!lvlalign!1.1||align!+10;jinryuujrmcore.missionSys.Protect;85",
          "tp!lvlalign!1.1||align!0;jinryuujrmcore.missionSys.Myself;85",
          "tp!lvlalign!1.1||align!-10;jinryuujrmcore.missionSys.Evil;85"
        ]
      ]
    },
    {
      "id": 85,
      "translated": true,
      "props": [
        "default"
      ],
      "align": [
        "neutral"
      ],
      "title": [
        "dbc.sagasystem.dbsuniversesurvival"
      ],
      "subtitle": [
        "dbc.sagasystem.85.title"
      ],
      "description": [
        "dbc.sagasystem.85.desc"
      ],
      "objectives": [
        [
          "start",
          "dim2;NNull Realm",
          "kill;Njinryuudragonblockc.Bergamo;H70000;A18000;Sdbc.MainSaga.85.1;Ddbc.MainSaga.85.d"
        ]
      ],
      "rewards": [
        [
          "tp!lvlalign!1.1||align!+10;jinryuujrmcore.missionSys.Protect;86",
          "tp!lvlalign!1.1||align!0;jinryuujrmcore.missionSys.Myself;86",
          "tp!lvlalign!1.1||align!-10;jinryuujrmcore.missionSys.Evil;86"
        ]
      ]
    },
    {
      "id": 86,
      "translated": true,
      "props": [
        "default"
      ],
      "align": [
        "neutral"
      ],
      "title": [
        "dbc.sagasystem.dbsuniversesurvival"
      ],
      "subtitle": [
        "dbc.sagasystem.86.title"
      ],
      "description": [
        "dbc.sagasystem.86.desc"
      ],
      "objectives": [
        [
          "start",
          "dim2;NNull Realm",
          "kill;Njinryuudragonblockc.Toppo;H75000;A20000;Sdbc.MainSaga.86.1;Ddbc.MainSaga.86.d"
        ]
      ],
      "rewards": [
        [
          "tp!lvlalign!1.1||align!+10;jinryuujrmcore.missionSys.Protect;87",
          "tp!lvlalign!1.1||align!0;jinryuujrmcore.missionSys.Myself;87",
          "tp!lvlalign!1.1||align!-10;jinryuujrmcore.missionSys.Evil;87"
        ]
      ]
    },
    {
      "id": 87,
      "translated": true,
      "props": [
        "default"
      ],
      "align": [
        "neutral"
      ],
      "title": [
        "dbc.sagasystem.dbsuniversesurvival"
      ],
      "subtitle": [
        "dbc.sagasystem.87.title"
      ],
      "description": [
        "dbc.sagasystem.87.desc"
      ],
      "objectives": [
        [
          "start",
          "dim2;NOverworld"
        ]
      ],
      "rewards": [
        [
          "nothing;Next;88"
        ]
      ]
    },
    {
      "id": 88,
      "translated": true,
      "props": [
        "default"
      ],
      "align": [
        "neutral"
      ],
      "title": [
        "dbc.sagasystem.dbsuniversesurvival"
      ],
      "subtitle": [
        "dbc.sagasystem.88.title"
      ],
      "description": [
        "dbc.sagasystem.88.desc"
      ],
      "objectives": [
        [
          "start",
          "dim2;NOverworld",
          "kill;Njinryuudragonblockc.Gohan_enemy2_1;H75000;A22000;Sdbc.MainSaga.88.1;Ddbc.MainSaga.88.d"
        ]
      ],
      "rewards": [
        [
          "tp!lvlalign!1.1||align!+10;jinryuujrmcore.missionSys.Protect;89",
          "tp!lvlalign!1.1||align!0;jinryuujrmcore.missionSys.Myself;89",
          "tp!lvlalign!1.1||align!-10;jinryuujrmcore.missionSys.Evil;89"
        ]
      ]
    },
    {
      "id": 89,
      "translated": true,
      "props": [
        "default"
      ],
      "align": [
        "neutral"
      ],
      "title": [
        "dbc.sagasystem.dbsuniversesurvival"
      ],
      "subtitle": [
        "dbc.sagasystem.89.title"
      ],
      "description": [
        "dbc.sagasystem.89.desc"
      ],
      "objectives": [
        [
          "start",
          "dim2;NOverworld",
          "kill;Njinryuudragonblockc.Krillin;H40000;A16000;Sdbc.MainSaga.89.1;Ddbc.MainSaga.89.d"
        ]
      ],
      "rewards": [
        [
          "tp!lvlalign!1.1||align!+10;jinryuujrmcore.missionSys.Protect;90",
          "tp!lvlalign!1.1||align!0;jinryuujrmcore.missionSys.Myself;90",
          "tp!lvlalign!1.1||align!-10;jinryuujrmcore.missionSys.Evil;90"
        ]
      ]
    },
    {
      "id": 90,
      "translated": true,
      "props": [
        "default"
      ],
      "align": [
        "neutral"
      ],
      "title": [
        "dbc.sagasystem.dbsuniversesurvival"
      ],
      "subtitle": [
        "dbc.sagasystem.90.title"
      ],
      "description": [
        "dbc.sagasystem.90.desc"
      ],
      "objectives": [
        [
          "start",
          "dim2;NNull Realm"
        ]
      ],
      "rewards": [
        [
          "nothing;Next;91"
        ]
      ]
    },
    {
      "id": 91,
      "translated": true,
      "props": [
        "default"
      ],
      "align": [
        "neutral"
      ],
      "title": [
        "dbc.sagasystem.dbsuniversesurvival"
      ],
      "subtitle": [
        "dbc.sagasystem.91.title"
      ],
      "description": [
        "dbc.sagasystem.91.desc"
      ],
      "objectives": [
        [
          "start",
          "dim2;NNull Realm",
          "kill;Njinryuudragonblockc.Basil;H60000;A13000;Sdbc.MainSaga.91.1;Ddbc.MainSaga.91.d",
          "kill;Njinryuudragonblockc.Lavender;H63000;A14000;Sdbc.MainSaga.91.2;Ddbc.MainSaga.91.2d",
          "kill;Njinryuudragonblockc.Bergamo;H70000;A18000;Sdbc.MainSaga.91.3;Ddbc.MainSaga.91.3d"
        ]
      ],
      "rewards": [
        [
          "tp!lvlalign!1.1||align!+10;jinryuujrmcore.missionSys.Protect;92",
          "tp!lvlalign!1.1||align!0;jinryuujrmcore.missionSys.Myself;92",
          "tp!lvlalign!1.1||align!-10;jinryuujrmcore.missionSys.Evil;92"
        ]
      ]
    },
    {
      "id": 92,
      "translated": true,
      "props": [
        "default"
      ],
      "align": [
        "neutral"
      ],
      "title": [
        "dbc.sagasystem.dbsuniversesurvival"
      ],
      "subtitle": [
        "dbc.sagasystem.92.title"
      ],
      "description": [
        "dbc.sagasystem.92.desc"
      ],
      "objectives": [
        [
          "start",
          "dim2;NNull Realm",
          "kill;Njinryuudragonblockc.Caulifla;H72000;A18000;Sdbc.MainSaga.92.1;Ddbc.MainSaga.92.d",
          "kill;Njinryuudragonblockc.Kale;H50000;A12000;Sdbc.MainSaga.92.2;Ddbc.MainSaga.92.2d"
        ]
      ],
      "rewards": [
        [
          "tp!lvlalign!1.1||align!+10;jinryuujrmcore.missionSys.Protect;93",
          "tp!lvlalign!1.1||align!0;jinryuujrmcore.missionSys.Myself;93",
          "tp!lvlalign!1.1||align!-10;jinryuujrmcore.missionSys.Evil;93"
        ]
      ]
    },
    {
      "id": 93,
      "translated": true,
      "props": [
        "default"
      ],
      "align": [
        "neutral"
      ],
      "title": [
        "dbc.sagasystem.dbsuniversesurvival"
      ],
      "subtitle": [
        "dbc.sagasystem.93.title"
      ],
      "description": [
        "dbc.sagasystem.93.desc"
      ],
      "objectives": [
        [
          "start",
          "dim2;NNull Realm",
          "kill;Njinryuudragonblockc.Caulifla2;H80000;A24000;Sdbc.MainSaga.93.1;Ddbc.MainSaga.93.d"
        ]
      ],
      "rewards": [
        [
          "tp!lvlalign!1.1||align!+10;jinryuujrmcore.missionSys.Protect;94",
          "tp!lvlalign!1.1||align!0;jinryuujrmcore.missionSys.Myself;94",
          "tp!lvlalign!1.1||align!-10;jinryuujrmcore.missionSys.Evil;94"
        ]
      ]
    },
    {
      "id": 94,
      "translated": true,
      "props": [
        "default"
      ],
      "align": [
        "neutral"
      ],
      "title": [
        "dbc.sagasystem.dbsuniversesurvival"
      ],
      "subtitle": [
        "dbc.sagasystem.94.title"
      ],
      "description": [
        "dbc.sagasystem.94.desc"
      ],
      "objectives": [
        [
          "start",
          "dim2;NNull Realm",
          "kill;Njinryuudragonblockc.Kale2;H90000;A30000;Sdbc.MainSaga.94.1;Ddbc.MainSaga.94.d"
        ]
      ],
      "rewards": [
        [
          "tp!lvlalign!1.1||align!+10;jinryuujrmcore.missionSys.Protect;95",
          "tp!lvlalign!1.1||align!0;jinryuujrmcore.missionSys.Myself;95",
          "tp!lvlalign!1.1||align!-10;jinryuujrmcore.missionSys.Evil;95"
        ]
      ]
    },
    {
      "id": 95,
      "translated": true,
      "props": [
        "default"
      ],
      "align": [
        "neutral"
      ],
      "title": [
        "dbc.sagasystem.dbsuniversesurvival"
      ],
      "subtitle": [
        "dbc.sagasystem.95.title"
      ],
      "description": [
        "dbc.sagasystem.95.desc"
      ],
      "objectives": [
        [
          "start",
          "dim2;NNull Realm",
          "kill;Njinryuudragonblockc.Brianne;H60000;A25000;Sdbc.MainSaga.95.1;Ddbc.MainSaga.95.d"
        ]
      ],
      "rewards": [
        [
          "tp!lvlalign!1.1||align!+10;jinryuujrmcore.missionSys.Protect;96",
          "tp!lvlalign!1.1||align!0;jinryuujrmcore.missionSys.Myself;96",
          "tp!lvlalign!1.1||align!-10;jinryuujrmcore.missionSys.Evil;96"
        ]
      ]
    },
    {
      "id": 96,
      "translated": true,
      "props": [
        "default"
      ],
      "align": [
        "neutral"
      ],
      "title": [
        "dbc.sagasystem.dbsuniversesurvival"
      ],
      "subtitle": [
        "dbc.sagasystem.96.title"
      ],
      "description": [
        "dbc.sagasystem.96.desc"
      ],
      "objectives": [
        [
          "start",
          "dim2;NNull Realm",
          "kill;Njinryuudragonblockc.Dyspo;H100000;A32000;Sdbc.MainSaga.96.1;Ddbc.MainSaga.96.d"
        ]
      ],
      "rewards": [
        [
          "tp!lvlalign!1.1||align!+10;jinryuujrmcore.missionSys.Protect;97",
          "tp!lvlalign!1.1||align!0;jinryuujrmcore.missionSys.Myself;97",
          "tp!lvlalign!1.1||align!-10;jinryuujrmcore.missionSys.Evil;97"
        ]
      ]
    },
    {
      "id": 97,
      "translated": true,
      "props": [
        "default"
      ],
      "align": [
        "neutral"
      ],
      "title": [
        "dbc.sagasystem.dbsuniversesurvival"
      ],
      "subtitle": [
        "dbc.sagasystem.97.title"
      ],
      "description": [
        "dbc.sagasystem.97.desc"
      ],
      "objectives": [
        [
          "start",
          "dim2;NNull Realm",
          "kill;Njinryuudragonblockc.Toppo;H120000;A34000;Sdbc.MainSaga.97.1;Ddbc.MainSaga.97.d"
        ]
      ],
      "rewards": [
        [
          "tp!lvlalign!1.1||align!+10;jinryuujrmcore.missionSys.Protect;98",
          "tp!lvlalign!1.1||align!0;jinryuujrmcore.missionSys.Myself;98",
          "tp!lvlalign!1.1||align!-10;jinryuujrmcore.missionSys.Evil;98"
        ]
      ]
    },
    {
      "id": 98,
      "translated": true,
      "props": [
        "default"
      ],
      "align": [
        "neutral"
      ],
      "title": [
        "dbc.sagasystem.dbsuniversesurvival"
      ],
      "subtitle": [
        "dbc.sagasystem.98.title"
      ],
      "description": [
        "dbc.sagasystem.98.desc"
      ],
      "objectives": [
        [
          "start",
          "dim2;NNull Realm",
          "kill;Njinryuudragonblockc.Jiren;H140000;A36000;Sdbc.MainSaga.98.1;Ddbc.MainSaga.98.d"
        ]
      ],
      "rewards": [
        [
          "tp!lvlalign!1.1||align!+10;jinryuujrmcore.missionSys.Protect;99",
          "tp!lvlalign!1.1||align!0;jinryuujrmcore.missionSys.Myself;99",
          "tp!lvlalign!1.1||align!-10;jinryuujrmcore.missionSys.Evil;99"
        ]
      ]
    },
    {
      "id": 99,
      "translated": true,
      "props": [
        "default"
      ],
      "align": [
        "neutral"
      ],
      "title": [
        "dbc.sagasystem.dbsuniversesurvival"
      ],
      "subtitle": [
        "dbc.sagasystem.99.title"
      ],
      "description": [
        "dbc.sagasystem.99.desc"
      ],
      "objectives": [
        [
          "start",
          "dim2;NNull Realm",
          "kill;Njinryuudragonblockc.Kefla;H160000;A38000;Sdbc.MainSaga.99.1;Ddbc.MainSaga.99.d"
        ]
      ],
      "rewards": [
        [
          "tp!lvlalign!1.1||align!+10;jinryuujrmcore.missionSys.Protect;100",
          "tp!lvlalign!1.1||align!0;jinryuujrmcore.missionSys.Myself;100",
          "tp!lvlalign!1.1||align!-10;jinryuujrmcore.missionSys.Evil;100"
        ]
      ]
    },
    {
      "id": 100,
      "translated": true,
      "props": [
        "default"
      ],
      "align": [
        "neutral"
      ],
      "title": [
        "dbc.sagasystem.dbsuniversesurvival"
      ],
      "subtitle": [
        "dbc.sagasystem.100.title"
      ],
      "description": [
        "dbc.sagasystem.100.desc"
      ],
      "objectives": [
        [
          "start",
          "dim2;NNull Realm",
          "kill;Njinryuudragonblockc.Kefla2;H200000;A40000;Sdbc.MainSaga.100.1;Ddbc.MainSaga.100.d"
        ]
      ],
      "rewards": [
        [
          "tp!lvlalign!1.1||align!+10;jinryuujrmcore.missionSys.Protect;101",
          "tp!lvlalign!1.1||align!0;jinryuujrmcore.missionSys.Myself;101",
          "tp!lvlalign!1.1||align!-10;jinryuujrmcore.missionSys.Evil;101"
        ]
      ]
    },
    {
      "id": 101,
      "translated": true,
      "props": [
        "default"
      ],
      "align": [
        "neutral"
      ],
      "title": [
        "dbc.sagasystem.dbsuniversesurvival"
      ],
      "subtitle": [
        "dbc.sagasystem.101.title"
      ],
      "description": [
        "dbc.sagasystem.101.desc"
      ],
      "objectives": [
        [
          "start",
          "dim2;NNull Realm",
          "kill;Njinryuudragonblockc.Toppo2;H220000;A43000;Sdbc.MainSaga.101.1;Ddbc.MainSaga.101.d"
        ]
      ],
      "rewards": [
        [
          "tp!lvlalign!1.1||align!+10;jinryuujrmcore.missionSys.Protect;102",
          "tp!lvlalign!1.1||align!0;jinryuujrmcore.missionSys.Myself;102",
          "tp!lvlalign!1.1||align!-10;jinryuujrmcore.missionSys.Evil;102"
        ]
      ]
    },
    {
      "id": 102,
      "translated": true,
      "props": [
        "default"
      ],
      "align": [
        "neutral"
      ],
      "title": [
        "dbc.sagasystem.dbsuniversesurvival"
      ],
      "subtitle": [
        "dbc.sagasystem.102.title"
      ],
      "description": [
        "dbc.sagasystem.102.desc"
      ],
      "objectives": [
        [
          "start",
          "dim2;NNull Realm",
          "kill;Njinryuudragonblockc.Jiren;H260000;A46000;Sdbc.MainSaga.102.1;Ddbc.MainSaga.102.d"
        ]
      ],
      "rewards": [
        [
          "tp!lvlalign!1.1||align!+10;jinryuujrmcore.missionSys.Protect;103",
          "tp!lvlalign!1.1||align!0;jinryuujrmcore.missionSys.Myself;103",
          "tp!lvlalign!1.1||align!-10;jinryuujrmcore.missionSys.Evil;103"
        ]
      ]
    },
    {
      "id": 103,
      "translated": true,
      "props": [
        "default"
      ],
      "align": [
        "neutral"
      ],
      "title": [
        "dbc.sagasystem.dbsuniversesurvival"
      ],
      "subtitle": [
        "dbc.sagasystem.103.title"
      ],
      "description": [
        "dbc.sagasystem.103.desc"
      ],
      "objectives": [
        [
          "start",
          "dim2;NNull Realm",
          "kill;Njinryuudragonblockc.Jiren2;H300000;A50000;Sdbc.MainSaga.103.1;Ddbc.MainSaga.103.d"
        ]
      ],
      "rewards": [
        [
          "tp!lvlalign!1.1||align!+10;jinryuujrmcore.missionSys.Protect;104",
          "tp!lvlalign!1.1||align!0;jinryuujrmcore.missionSys.Myself;104",
          "tp!lvlalign!1.1||align!-10;jinryuujrmcore.missionSys.Evil;104"
        ]
      ]
    },
    {
      "id": 104,
      "translated": true,
      "props": [
        "default"
      ],
      "align": [
        "neutral"
      ],
      "title": [
        "dbc.sagasystem.dbsuniversesurvival"
      ],
      "subtitle": [
        "dbc.sagasystem.104.title"
      ],
      "description": [
        "dbc.sagasystem.104.desc"
      ],
      "objectives": [
        [
          "start",
          "dim2;NNull Realm"
        ]
      ],
      "rewards": [
        [
          "nothing;Next;105"
        ]
      ]
    },
    {
      "id": 105,
      "translated": true,
      "props": [
        "default"
      ],
      "align": [
        "neutral"
      ],
      "title": [
        "dbc.sagasystem.credits"
      ],
      "subtitle": [
        "dbc.sagasystem.105.title"
      ],
      "description": [
        "dbc.sagasystem.105.desc"
      ],
      "objectives": [
        [
          "restart"
        ]
      ],
      "rewards": [
        [
          "nothing;jinryuujrmcore.Restart;106"
        ]
      ]
    },
    {
      "id": 106,
      "translated": true,
      "props": [
        "default"
      ],
      "align": [
        "neutral"
      ],
      "title": [
        "dbc.sagasystem.credits"
      ],
      "subtitle": [
        "dbc.sagasystem.106.title"
      ],
      "description": [
        "dbc.sagasystem.106.desc"
      ],
      "objectives": [
        null
      ],
      "rewards": [
        null
      ]
    }
  ]
}