{"stat.useItem.minecraft.bow":46,"stat.pickup.minecraft.wooden_slab":2,"stat.pickup.lycanitesmobs.chaosorbcharge":8,"darkling.kill":6,"stat.leaveGame":5,"stat.mineBlock.minecraft.sandstone":2,"stat.craftItem.spartanweaponry.greatsword_stone":1,"stat.craftItem.minecraft.string":292,"stat.drop.minecraft.enchanted_book":1,"stat.mineBlock.minecraft.web":11,"stat.pickup.quark.ancient_tome":1,"balayang.kill":2,"stat.pickup.firstaid.bandage":472,"stat.drop.minecraft.feather":2,"stat.pickup.levelup2.surfaceore":20,"stat.craftItem.defiledlands.scarlite":9,"stat.drop.minecraft.iron_sword":1,"stat.pickup.minecraft.rotten_flesh":135,"stat.pickup.notreepunching.rock/sandstone":2,"stat.mineBlock.defiledlands.scarlite_block":1,"stat.pickup.minecraft.brick_block":4,"stat.craftItem.minecraft.stone_axe":3,"stat.craftItem.spartanshields.shield_basic_diamond":1,"stat.pickup.minecraft.leather_boots":2,"eechetik.kill":1,"stat.pickup.lycanitesmobs.throwingscythecharge":2,"stat.pickup.minecraft.brown_mushroom":3,"stat.drop.simpledifficulty.iron_canteen":1,"stat.killEntity.Witch":1,"stat.entityKilledBy.trumpetskeleton.TrumpetSkeleton":1,"stat.craftItem.realistictorches.matchbox":3,"stat.craftItem.iceandfire.silver_ingot":1,"stat.pickup.iceandfire.silver_ingot":4,"stat.useItem.minecraft.iron_pickaxe":2211,"stat.mineBlock.minecraft.brick_block":7,"stat.pickup.minecraft.double_plant":4,"stat.pickup.lycanitesmobs.raw_joust_meat":35,"stat.pickup.defiledlands.scuronotte":32,"stat.mineBlock.minecraft.vine":2,"stat.pickup.rustic.wildberries":38,"stat.mineBlock.minecraft.sticky_piston":1,"banshee.kill":2,"stat.furnaceInteraction":91,"stat.useItem.minecraft.golden_carrot":1,"stat.craftItem.spartanweaponry.material":5,"stat.killEntity.ZombieVillager":12,"stat.craftItem.defiledlands.umbrium_ingot":9,"stat.pickup.realistictorches.torch_unlit":42,"necrovore.kill":2,"stat.craftItem.realistictorches.torch_lit":704,"stat.pickup.minecraft.beef":139,"stat.pickup.spartanshields.shield_basic_diamond":3,"stat.pickup.lycanitesmobs.spectralboltcharge":8,"stat.pickup.notreepunching.saw/iron":22,"stat.pickup.minecraft.leather_helmet":9,"stat.mineBlock.minecraft.stained_hardened_clay":2,"stat.useItem.minecraft.fence":1,"stat.craftItem.notreepunching.saw/iron":3,"stat.mineBlock.minecraft.fence":3,"stat.pickup.lycanitesmobs.raw_aspid_meat":3,"stat.killEntity.Husk":5,"stat.pickup.minecraft.emerald":5,"stat.pickup.dynamictrees.oakseed":1,"stat.pickup.minecraft.lever":4,"stat.pickup.lycanitesmobs.raw_chupacabra_meat":106,"stat.deaths":75,"stat.pickup.lycanitesmobs.geistliver":25,"stat.craftItem.minecraft.iron_pickaxe":12,"aspid.kill":2,"stat.drop.minecraft.glass_bottle":1,"stat.drop.minecraft.iron_ingot":2,"stat.mineBlock.minecraft.tallgrass":302,"stat.chestOpened":824,"stat.useItem.minecraft.stone":5,"stat.pickup.minecraft.iron_sword":48,"stat.pickup.minecraft.arrow":183,"stat.pickup.minecraft.wooden_pressure_plate":6,"stat.craftItem.minecraft.coal":17,"geist.kill":1,"stat.drop.minecraft.iron_pickaxe":2,"stat.pickup.foodexpansion.itemwolfmeat":1,"stat.pickup.minecraft.carrot":171,"stat.crouchOneCm":314134,"stat.mineBlock.minecraft.chest":4,"stat.pickup.minecraft.rail":6,"stat.craftItem.minecraft.diamond":13,"stat.useItem.lycanitesmobs.raw_maka_meat":1,"stat.craftItem.minecraft.iron_ingot":287,"stat.craftingTableInteraction":135,"stat.pickup.iceandfire.myrmex_desert_resin":4,"stat.mineBlock.minecraft.wooden_pressure_plate":2,"stat.pickup.iceandfire.silver_ore":43,"stat.drop.minecraft.double_plant":3,"stat.pickup.minecraft.wooden_pickaxe":1,"stat.craftItem.minecraft.wooden_sword":2,"stat.craftItem.simpledifficulty.iron_canteen":12,"stat.pickup.minecraft.dye":85,"stat.pickup.minecraft.planks":794,"chupacabra.kill":13,"stat.pickup.minecraft.wheat_seeds":82,"stat.mineBlock.minecraft.glass":2,"stat.mineBlock.minecraft.dirt":165,"stat.pickup.minecraft.poisonous_potato":1,"stat.drop.spartanweaponry.saber_stone":1,"stat.useItem.minecraft.bread":17,"stat.mineBlock.iceandfire.silver_ore":24,"stat.useItem.minecraft.cobblestone":763,"stat.pickup.coralreef.coral":1,"stat.useItem.minecraft.gravel":82,"stat.mineBlock.minecraft.double_plant":12,"stat.craftItem.firstaid.bandage":110,"stat.pickup.toolbelt.belt":23,"stat.pickup.minecraft.iron_pickaxe":42,"stat.craftItem.realistictorches.torch_unlit":704,"stat.craftItem.minecraft.gold_ingot":13,"stat.pickup.minecraft.chicken":4,"stat.pickup.iceandfire.myrmex_stinger":2,"stat.drop.realistictorches.torch_lit":8,"stat.pickup.roughtweaks.salve":5,"stat.useItem.minecraft.iron_sword":531,"stat.craftItem.minecraft.planks":100,"stat.itemEnchanted":4,"stat.pickup.minecraft.stone_sword":4,"stat.drop.notreepunching.rock/stone":2,"stat.pickup.minecraft.book":200,"stat.mineBlock.minecraft.log":6,"stat.useItem.notreepunching.rock/sandstone":2,"stat.mineBlock.minecraft.waterlily":1,"stat.pickup.defiledlands.vilespine":18,"stat.useItem.minecraft.spruce_door":1,"stat.craftItem.notreepunching.axe/flint":1,"stat.pickup.minecraft.iron_door":1,"stat.craftItem.minecraft.paper":20,"stat.pickup.minecraft.wool":203,"ent.kill":2,"stat.craftItem.minecraft.cobblestone":1073,"stat.craftItem.minecraft.spruce_door":2,"stat.cakeSlicesEaten":4,"stat.craftItem.minecraft.diamond_leggings":1,"stat.mineBlock.minecraft.cobblestone":115,"stat.pickup.minecraft.stone_pickaxe":5,"stat.pickup.minecraft.flint":19,"stat.mineBlock.minecraft.yellow_flower":1,"stat.entityKilledBy.Witch":1,"stat.craftItem.minecraft.wool":37,"stat.mineBlock.minecraft.stained_glass_pane":2,"stat.killEntity.defiledlands.shambler":2,"stat.pickup.minecraft.enchanted_book":3,"stat.pickup.minecraft.glowstone":4,"stat.pickup.spartanshields.shield_basic_iron":32,"stat.drop.minecraft.cobblestone":1,"stat.craftItem.xpbook.xp_book":1,"stat.pickup.minecraft.writable_book":7,"stat.pickup.minecraft.sticky_piston":4,"stat.useItem.minecraft.stone_slab2":135,"stat.pickup.minecraft.bow":21,"stat.pickup.minecraft.iron_boots":35,"stat.killEntity.deathworm":1,"stat.drop.spartanshields.shield_basic_stone":2,"stat.craftItem.minecraft.furnace":4,"stat.craftItem.minecraft.iron_boots":2,"stat.craftItem.minecraft.bow":1,"stat.craftItem.scalinghealth.heartcontainer":2,"stat.pickup.minecraft.diamond_hoe":2,"stat.mineBlock.minecraft.clay":2,"stat.pickup.minecraft.diamond_leggings":4,"stat.useItem.minecraft.brick_block":3,"stat.flyOneCm":2564687,"stat.useItem.iceandfire.iceandfire.deathworm_egg":2,"wraamon.kill":6,"yale.kill":1,"stat.pickup.defiledlands.scarlite_ring":2,"stat.timeSinceDeath":4696,"kobold.kill":4,"stat.craftItem.minecraft.iron_block":1,"stat.pickup.minecraft.chainmail_helmet":1,"stat.mineBlock.minecraft.enchanting_table":1,"stat.mineBlock.minecraft.coal_ore":391,"stat.killEntity.Creeper":4,"stat.talkedToVillager":15,"stat.pickup.minecraft.wooden_sword":4,"stat.drop.minecraft.baked_potato":2,"stat.pickup.minecraft.string":42,"grue.kill":8,"stat.pickup.lycanitesmobs.scorchfireballcharge":6,"stat.useItem.spartanweaponry.saber_stone":233,"stat.entityKilledBy.Skeleton":4,"stat.killEntity.Squid":2,"stat.sprintOneCm":1723082,"stat.mineBlock.minecraft.stone_slab":3,"stat.drop.minecraft.leather":1,"stat.mineBlock.rustic.wildberry_bush":45,"stat.useItem.carryon.tile_item":4,"stat.mineBlock.minecraft.diamond_ore":14,"stat.pickup.charm.suspicious_soup":9,"stat.waystones:waystonesActivated":10,"stat.pickup.minecraft.leather_leggings":2,"stat.useItem.minecraft.wooden_sword":50,"joust.kill":8,"stat.useItem.minecraft.ladder":8,"treant.kill":1,"stat.pickup.minecraft.iron_block":5,"stat.killEntity.Zombie":29,"stat.mineBlock.minecraft.gold_ore":24,"stat.diveOneCm":299630,"stat.pickup.minecraft.wheat":28,"stat.pickup.simpledifficulty.magma_chunk":3,"stat.pickup.minecraft.sign":9,"stat.pickup.minecraft.stone_axe":25,"stat.useItem.lycanitesmobs.cooked_aspid_meat":3,"stat.pickup.spartanweaponry.quiver_arrow_moderate":3,"stat.pickup.minecraft.obsidian":27,"stat.mineBlock.defiledlands.vilespine":3,"stat.pickup.simpledifficulty.iron_canteen":32,"stat.useItem.minecraft.rotten_flesh":2,"stat.drop.minecraft.apple":1,"stat.useItem.notreepunching.rock/stone":1,"stat.jump":11002,"stat.useItem.minecraft.sand":75,"stat.pickup.minecraft.coal":1129,"stat.pickup.minecraft.iron_ingot":165,"stat.useItem.notreepunching.axe/flint":12,"stat.drop.minecraft.wooden_sword":1,"stat.pickup.minecraft.gunpowder":24,"stat.pickup.minecraft.dirt":569,"stat.mineBlock.realistictorches.torch_lit":16,"stat.craftItem.comforts.sleeping_bag":1,"stat.pickup.minecraft.stone_shovel":1,"stat.pickup.defiledlands.scarlite_block":1,"roc.kill":6,"stat.pickup.lycanitesmobs.poisongland":8,"stat.pickup.lycanitesmobs.soulstone_beast":1,"reaper.kill":4,"stat.pickup.minecraft.gold_ore":36,"stat.mineBlock.minecraft.lapis_ore":7,"stat.craftItem.defiledlands.defilement_powder":2,"stat.pickup.iceandfire.iceandfire.deathworm_egg":3,"stat.mineBlock.minecraft.glass_pane":7,"stat.damageTaken":26435,"stat.pickup.minecraft.potato":114,"stat.entityKilledBy.Zombie":6,"stat.killEntity.Silverfish":10,"stat.craftItem.minecraft.stone_slab":6,"geonach.kill":9,"stat.useItem.minecraft.chest":8,"stat.drop.minecraft.wheat":4,"stat.useItem.minecraft.pumpkin":1,"stat.pickup.simpledifficulty.charcoal_filter":159,"stat.pickup.notreepunching.grass_fiber":34,"stat.pickup.wolfarmor.diamond_wolf_armor":7,"stat.craftItem.minecraft.iron_chestplate":2,"stat.pickup.minecraft.baked_potato":748,"stat.mineBlock.scalinghealth.crystalore":14,"stat.pickup.minecraft.ender_pearl":13,"stat.pickup.minecraft.cooked_beef":2,"stat.pickup.minecraft.ladder":12,"stat.mineBlock.minecraft.tnt":2,"stat.drop.minecraft.lever":1,"stat.mineBlock.minecraft.stonebrick":1,"stat.pickup.rustic.grapes":59,"stat.pickup.minecraft.dark_oak_stairs":1,"stat.mobKills":235,"stat.pickup.minecraft.diamond_boots":4,"stat.mineBlock.minecraft.bookshelf":3,"stat.pickup.minecraft.diamond":68,"stat.pickup.minecraft.beetroot_seeds":7,"stat.pickup.minecraft.torch":25,"stat.entityKilledBy.Silverfish":1,"stat.drop.minecraft.stone_axe":1,"stat.craftItem.minecraft.compass":2,"stat.killEntity.defiledlands.slime_defiled":2,"stat.useItem.minecraft.string":2,"stat.pickup.defiledlands.umbrium_block":1,"stat.killEntity.trumpetskeleton.TrumpetSkeleton":3,"stat.useItem.minecraft.planks":47,"stat.pickup.minecraft.glowstone_dust":8,"stat.pickup.minecraft.porkchop":23,"stat.pickup.minecraft.sand":82,"stat.pickup.defiledlands.book_wyrm_raw":12,"stat.pickup.minecraft.name_tag":1,"stat.pickup.lycanitesmobs.aquapulsecharge":3,"stat.useItem.minecraft.ender_pearl":1,"stat.pickup.minecraft.chainmail_chestplate":2,"stat.mineBlock.minecraft.sand":84,"stat.pickup.spartanshields.shield_basic_stone":5,"remobra.kill":1,"stat.craftItem.spartanshields.shield_basic_wood":7,"stat.pickup.minecraft.armor_stand":2,"stat.trappedChestTriggered":1,"stat.useItem.notreepunching.knife/flint":53,"stat.craftItem.minecraft.golden_carrot":4,"stat.mineBlock.minecraft.dark_oak_stairs":1,"stat.pickup.minecraft.furnace":2,"stat.drop.minecraft.fishing_rod":1,"stat.pickup.minecraft.iron_chestplate":34,"stat.pickup.minecraft.skull":16,"stat.mineBlock.defiledlands.scuronotte":12,"stat.killEntity.Horse":4,"stat.pickup.realistictorches.torch_lit":2681,"stat.pickup.minecraft.stone_stairs":1,"stat.pickup.foodexpansion.itemsquid":3,"stat.pickup.minecraft.fermented_spider_eye":8,"stat.pickup.minecraft.saddle":3,"stat.mineBlock.minecraft.oak_stairs":10,"stat.craftItem.roughtweaks.bandage":15,"stat.playOneMinute":608938,"stat.pickup.minecraft.blaze_rod":3,"stat.craftItem.minecraft.diamond_block":1,"stat.pickup.rustic.aloe_vera":207,"stat.pickup.minecraft.pumpkin":7,"stat.pickup.iceandfire.myrmex_desert_chitin":2,"stat.pickup.minecraft.waterlily":1,"stat.pickup.charm.charged_emerald":1,"stat.pickup.defiledlands.black_heart":1,"stat.mineBlock.iceandfire.fire_lily":1,"stat.fallOneCm":325954,"stat.pickup.minecraft.melon_seeds":2,"stat.craftItem.minecraft.chest":10,"stat.mineBlock.minecraft.lever":1,"jengu.kill":1,"stat.pickup.minecraft.feather":7,"stat.drop.minecraft.bone":4,"stat.pickup.rustic.tomato":2,"stat.useItem.minecraft.furnace":1,"stat.drop.antiqueatlas.antique_atlas":1,"gnekk.kill":5,"stat.pickup.antiqueatlas.antique_atlas":23,"stat.pickup.minecraft.iron_leggings":27,"stat.mineBlock.minecraft.gravel":141,"stat.useItem.minecraft.stone_pickaxe":240,"stat.useItem.minecraft.stone_sword":7,"stat.craftItem.minecraft.iron_leggings":2,"stat.drop.minecraft.diamond_hoe":2,"stat.killEntity.Rabbit":2,"stat.useItem.minecraft.wool":11,"stat.mineBlock.rustic.aloe_vera":42,"stat.pickup.minecraft.chainmail_boots":1,"stat.pickup.defiledlands.foul_slime":8,"stat.mineBlock.minecraft.monster_egg":1,"stat.mineBlock.defiledlands.sand_defiled":1,"stat.useItem.minecraft.torch":8,"joustalpha.kill":5,"stat.craftItem.simpledifficulty.canteen":2,"stat.useItem.minecraft.log":34,"stat.pickup.minecraft.crafting_table":5,"stat.craftItem.minecraft.crafting_table":6,"tpumpkyn.kill":3,"stat.pickup.minecraft.iron_hoe":1,"stat.pickup.minecraft.log":153,"stat.pickup.minecraft.compass":1,"stat.pickup.minecraft.chainmail_leggings":1,"stat.pickup.minecraft.wooden_door":2,"stat.pickup.notreepunching.flint_shard":4,"stat.pickup.minecraft.beetroot":3,"stat.craftItem.toolbelt.belt":1,"stat.pickup.minecraft.diamond_helmet":4,"stat.pickup.simpledifficulty.canteen":7,"stat.sneakTime":98319,"stat.pickup.minecraft.rabbit":18,"stat.useItem.minecraft.baked_potato":40,"stat.drop.minecraft.yellow_flower":1,"stat.pickup.minecraft.stone_slab":2,"stat.pickup.minecraft.yellow_flower":5,"stat.craftItem.notreepunching.knife/flint":1,"stat.pickup.minecraft.chest":4,"stat.drop.minecraft.stone_pickaxe":2,"stat.craftItem.minecraft.diamond_chestplate":1,"stat.drop.foodexpansion.itemhorsemeat":5,"stat.pickup.minecraft.bone":64,"stat.pickup.lycanitesmobs.remobrawing":1,"stat.pickup.iceandfire.deathworm_chitin":9,"stat.craftItem.minecraft.diamond_helmet":1,"stat.craftItem.notreepunching.grass_string":11,"stat.mineBlock.charm.crate_sealed":2,"stat.swimOneCm":161420,"stat.climbOneCm":13895,"stat.pickup.xpbook.xp_book":10,"stat.pickup.foodexpansion.itemhorsemeat":12,"stat.useItem.minecraft.dirt":130,"vapula.kill":1,"stat.craftItem.spartanweaponry.quiver_arrow_moderate":1,"stat.craftItem.antiqueatlas.empty_antique_atlas":2,"stat.pickup.minecraft.enchanting_table":3,"stat.craftItem.spartanshields.shield_basic_iron":3,"stat.useItem.minecraft.iron_ore":5,"stat.craftItem.minecraft.stone_pickaxe":3,"stat.mineBlock.minecraft.magma":2,"stat.pickup.minecraft.cobblestone":1174,"stat.useItem.minecraft.stone_shovel":182,"stat.craftItem.simpledifficulty.charcoal_filter":30,"stat.mineBlock.coralreef.coral":1,"stat.drop.minecraft.wheat_seeds":13,"stat.mineBlock.quark.stone_andesite_stairs":1,"stat.craftItem.minecraft.wooden_slab":12,"stat.pickup.minecraft.redstone":682,"stat.mineBlock.minecraft.iron_ore":261,"stat.pickup.minecraft.mutton":20,"stat.pickup.minecraft.stonebrick":1,"stat.drop.spartanweaponry.greatsword_stone":1,"krake.kill":2,"stat.pickup.minecraft.iron_shovel":5,"stat.pickup.minecraft.trapdoor":1,"makaalpha.kill":1,"stat.mineBlock.charm.crate":6,"stat.useItem.realistictorches.torch_lit":370,"stat.craftItem.minecraft.stone_slab2":0,"stat.pickup.spartanweaponry.saber_stone":7,"stat.pickup.minecraft.paper":11,"stat.craftItem.minecraft.stick":246,"stat.useItem.minecraft.stone_slab":7,"stat.craftItem.minecraft.gold_nugget":36,"stat.killEntity.myrmex_soldier":1,"stat.mineBlock.minecraft.crafting_table":4,"stat.pickup.minecraft.diamond_chestplate":4,"stat.entityKilledBy.Creeper":1,"stat.mineBlock.minecraft.planks":9,"stat.drop":126,"stat.craftItem.spartanshields.shield_basic_stone":3,"stat.killEntity.Sheep":10,"stat.pickup.minecraft.slime_ball":19,"stat.killEntity.defiledlands.book_wyrm":4,"stat.pickup.charm.crate":9,"stat.pickup.rustic.wildberry_bush":65,"stat.craftItem.lycanitesmobs.cooked_aspid_meat":3,"stat.drop.minecraft.wooden_pickaxe":1,"stat.pickup.minecraft.gravel":140,"stat.pickup.roughtweaks.bandage":15,"stat.pickup.minecraft.fence":5,"stat.pickup.minecraft.iron_helmet":18,"stat.pickup.scalinghealth.crystalshard":67,"stat.useItem.minecraft.stone_axe":110,"stat.pickup.minecraft.spider_eye":17,"stat.craftItem.minecraft.iron_helmet":4,"stat.pickup.minecraft.iron_ore":685,"stat.pickup.defiledlands.sand_defiled":2,"stat.craftItem.minecraft.flint_and_steel":13,"stat.mineBlock.minecraft.leaves2":5,"stat.pickup.lycanitesmobs.halloweentreat":34,"stat.mineBlock.minecraft.stone_stairs":3,"stat.pickup.minecraft.leather":44,"stat.pickup.notreepunching.rock/stone":5274,"stat.pickup.lycanitesmobs.raw_maka_meat":3,"stat.mineBlock.minecraft.furnace":1,"stat.useItem.minecraft.wooden_pickaxe":2,"stat.pickup.minecraft.prismarine_shard":6,"stat.mineBlock.defiledlands.umbrium_block":1,"stat.pickup.minecraft.prismarine_crystals":3,"stat.pickup.minecraft.reeds":92,"stat.pickup.minecraft.oak_stairs":9,"stat.craftItem.spartanweaponry.quiver_arrow":1,"stat.damageDealt":49239,"stat.pickup.forgottenitems.crafting_rune":2,"stat.sleepInBed":4,"stat.killEntity.Cow":17,"stat.useItem.minecraft.crafting_table":2,"stat.craftItem.minecraft.iron_sword":3,"stat.craftItem.spartanweaponry.saber_stone":4,"stat.craftItem.minecraft.stone_shovel":2,"stat.walkOneCm":1464741,"stat.pickup.minecraft.stick":430,"stat.craftItem.quark.custom_chest":3,"stat.pickup.minecraft.clay_ball":12,"spriggan.kill":1,"stat.craftItem.defiledlands.scarlite_ring":1,"stat.craftItem.minecraft.writable_book":1,"stat.craftItem.minecraft.diamond_boots":1,"stat.useItem.scalinghealth.heartcontainer":1,"stat.pickup.minecraft.tnt":1,"stat.pickup.minecraft.stone":82,"stat.mineBlock.minecraft.wool":3,"stat.useItem.rustic.grapes":4,"stat.pickup.lycanitesmobs.crystalshardcharge":6,"stat.pickup.minecraft.chorus_fruit":4,"stat.pickup.minecraft.gold_ingot":22,"stat.killEntity.Skeleton":13,"stat.killEntity.Chicken":1,"stat.killEntity.Spider":9,"stat.pickup.minecraft.bread":90,"stat.pickup.minecraft.quartz":81,"stat.useItem.minecraft.golden_apple":4,"stat.mineBlock.minecraft.leaves":10,"stat.mineBlock.minecraft.redstone_ore":68,"spectre.kill":1,"stat.drop.minecraft.beef":74,"stat.mineBlock.minecraft.stone":1443}