{"stat.chestOpened":78,"stat.drop.minecraft.stone_pickaxe":1,"stat.pickup.rustic.wildberry_bush":4,"stat.pickup.minecraft.sign":4,"stat.pickup.minecraft.gravel":35,"stat.mineBlock.minecraft.cobblestone":4,"stat.pickup.minecraft.wooden_pressure_plate":3,"stat.pickup.minecraft.flint":4,"stat.pickup.minecraft.stone_axe":1,"stat.craftItem.minecraft.wool":8,"stat.useItem.minecraft.rotten_flesh":2,"stat.drop.minecraft.apple":1,"stat.useItem.notreepunching.rock/stone":1,"stat.craftItem.notreepunching.grass_string":11,"stat.craftItem.minecraft.string":32,"stat.drop.minecraft.enchanted_book":1,"stat.jump":537,"stat.swimOneCm":1435,"stat.pickup.minecraft.coal":10,"stat.pickup.minecraft.enchanted_book":1,"stat.fallOneCm":10260,"stat.climbOneCm":3270,"stat.mineBlock.minecraft.web":1,"stat.pickup.minecraft.carrot":6,"stat.useItem.minecraft.stone_axe":26,"stat.useItem.notreepunching.axe/flint":12,"stat.drop.minecraft.wooden_sword":1,"stat.pickup.minecraft.porkchop":12,"stat.pickup.foodexpansion.itemhorsemeat":3,"stat.crouchOneCm":25572,"stat.mineBlock.minecraft.chest":2,"stat.useItem.lycanitesmobs.raw_maka_meat":1,"stat.craftItem.minecraft.chest":8,"stat.pickup.minecraft.dirt":8,"stat.useItem.minecraft.dirt":5,"stat.useItem.minecraft.stone_slab2":12,"stat.craftingTableInteraction":13,"stat.pickup.minecraft.rotten_flesh":3,"stat.craftItem.minecraft.stone_axe":2,"stat.drop.minecraft.double_plant":3,"stat.damageTaken":545,"stat.pickup.minecraft.leather":10,"stat.pickup.minecraft.feather":1,"stat.pickup.notreepunching.rock/stone":78,"stat.pickup.lycanitesmobs.raw_maka_meat":1,"stat.craftItem.minecraft.stone_pickaxe":2,"stat.pickup.minecraft.cobblestone":4,"stat.craftItem.minecraft.wooden_sword":2,"stat.pickup.minecraft.planks":311,"stat.flyOneCm":104947,"stat.pickup.minecraft.wheat_seeds":12,"stat.pickup.minecraft.oak_stairs":3,"stat.mineBlock.coralreef.coral":1,"stat.drop.minecraft.wheat_seeds":2,"stat.mineBlock.minecraft.gravel":38,"stat.useItem.minecraft.stone_pickaxe":47,"stat.mineBlock.minecraft.glass":2,"stat.damageDealt":1376,"stat.timeSinceDeath":35046,"stat.killEntity.Cow":1,"stat.mineBlock.minecraft.dirt":9,"stat.useItem.minecraft.crafting_table":2,"stat.pickup.minecraft.double_plant":4,"stat.walkOneCm":128165,"stat.trappedChestTriggered":1,"stat.useItem.minecraft.chest":7,"stat.pickup.minecraft.stick":15,"stat.useItem.notreepunching.knife/flint":53,"stat.craftItem.simpledifficulty.canteen":1,"stat.useItem.minecraft.log":16,"stat.pickup.minecraft.crafting_table":3,"stat.pickup.rustic.wildberries":1,"stat.pickup.coralreef.coral":1,"stat.useItem.minecraft.gravel":25,"stat.mineBlock.minecraft.double_plant":11,"stat.pickup.minecraft.trapdoor":1,"stat.mineBlock.minecraft.coal_ore":14,"stat.craftItem.firstaid.bandage":12,"stat.pickup.minecraft.log":104,"stat.mineBlock.charm.crate":4,"stat.pickup.notreepunching.grass_fiber":34,"stat.pickup.minecraft.beef":13,"stat.pickup.minecraft.leather_helmet":1,"stat.useItem.rustic.grapes":4,"stat.drop.minecraft.fishing_rod":1,"stat.sprintOneCm":98608,"stat.pickup.notreepunching.flint_shard":4,"stat.mineBlock.rustic.wildberry_bush":4,"stat.killEntity.Horse":2,"stat.useItem.carryon.tile_item":4,"stat.pickup.rustic.grapes":59,"stat.mineBlock.minecraft.crafting_table":3,"stat.pickup.minecraft.bread":7,"stat.waystones:waystonesActivated":1,"stat.mobKills":7,"stat.pickup.dynamictrees.oakseed":1,"stat.drop.notreepunching.rock/stone":2,"stat.mineBlock.minecraft.log":6,"stat.mineBlock.minecraft.oak_stairs":4,"stat.pickup.minecraft.lever":3,"stat.deaths":4,"stat.drop":14,"stat.craftItem.notreepunching.axe/flint":1,"stat.playOneMinute":39304,"stat.useItem.minecraft.wooden_sword":34,"stat.sneakTime":6146,"stat.drop.minecraft.stone_axe":1,"stat.killEntity.Zombie":4,"stat.drop.minecraft.iron_ingot":2,"stat.drop.minecraft.glass_bottle":1,"stat.craftItem.notreepunching.knife/flint":1,"stat.craftItem.minecraft.cobblestone":23,"stat.mineBlock.minecraft.stone":26,"stat.mineBlock.minecraft.tallgrass":90,"stat.diveOneCm":22939,"stat.pickup.charm.crate":4,"stat.pickup.minecraft.chest":2}