{"stat.drop.minecraft.stone_pickaxe":2,"stat.pickup.minecraft.bone":2,"stat.pickup.lycanitesmobs.chaosorbcharge":8,"darkling.kill":2,"stat.mineBlock.minecraft.cobblestone":7,"stat.pickup.minecraft.stone_pickaxe":4,"stat.pickup.minecraft.flint":5,"stat.killEntity.trumpetskeleton.TrumpetSkeleton":1,"stat.craftItem.minecraft.wool":8,"stat.craftItem.notreepunching.grass_string":11,"stat.mineBlock.charm.crate_sealed":1,"stat.craftItem.minecraft.string":36,"stat.drop.minecraft.enchanted_book":1,"stat.swimOneCm":2270,"stat.climbOneCm":3270,"stat.pickup.minecraft.enchanted_book":1,"stat.mineBlock.minecraft.web":1,"stat.pickup.firstaid.bandage":26,"stat.pickup.minecraft.porkchop":12,"stat.pickup.foodexpansion.itemhorsemeat":7,"stat.pickup.minecraft.writable_book":6,"stat.useItem.minecraft.dirt":7,"stat.useItem.minecraft.stone_slab2":46,"stat.pickup.minecraft.iron_boots":6,"stat.pickup.minecraft.rotten_flesh":14,"stat.drop.spartanshields.shield_basic_stone":1,"stat.craftItem.minecraft.furnace":1,"stat.craftItem.minecraft.stone_axe":2,"stat.useItem.minecraft.iron_ore":2,"stat.craftItem.minecraft.stone_pickaxe":3,"stat.pickup.minecraft.cobblestone":50,"stat.pickup.minecraft.diamond_hoe":2,"stat.flyOneCm":260110,"stat.pickup.minecraft.brown_mushroom":1,"stat.mineBlock.coralreef.coral":1,"stat.drop.minecraft.wheat_seeds":2,"stat.entityKilledBy.trumpetskeleton.TrumpetSkeleton":1,"wraamon.kill":3,"stat.mineBlock.minecraft.iron_ore":74,"stat.timeSinceDeath":4511,"stat.craftItem.spartanshields.shield_basic_wood":2,"stat.useItem.minecraft.iron_pickaxe":44,"stat.pickup.minecraft.double_plant":4,"stat.trappedChestTriggered":1,"stat.useItem.notreepunching.knife/flint":53,"stat.pickup.rustic.wildberries":4,"stat.furnaceInteraction":5,"stat.pickup.minecraft.iron_shovel":5,"stat.craftItem.spartanweaponry.material":1,"stat.pickup.minecraft.trapdoor":1,"stat.mineBlock.minecraft.coal_ore":133,"stat.pickup.realistictorches.torch_unlit":1,"stat.pickup.minecraft.wooden_sword":4,"stat.craftItem.realistictorches.torch_lit":64,"stat.pickup.minecraft.string":3,"stat.mineBlock.charm.crate":4,"stat.pickup.minecraft.beef":13,"grue.kill":1,"stat.useItem.spartanweaponry.saber_stone":25,"stat.entityKilledBy.Skeleton":4,"stat.useItem.realistictorches.torch_lit":39,"stat.craftItem.minecraft.stone_slab2":0,"stat.pickup.spartanweaponry.saber_stone":3,"stat.pickup.minecraft.leather_helmet":3,"stat.drop.minecraft.fishing_rod":1,"stat.sprintOneCm":243746,"stat.pickup.minecraft.iron_chestplate":6,"stat.mineBlock.rustic.wildberry_bush":4,"stat.killEntity.Horse":2,"stat.useItem.carryon.tile_item":4,"stat.pickup.realistictorches.torch_lit":69,"stat.mineBlock.minecraft.crafting_table":3,"stat.pickup.charm.suspicious_soup":9,"stat.waystones:waystonesActivated":1,"stat.pickup.minecraft.fermented_spider_eye":4,"stat.pickup.dynamictrees.oakseed":1,"stat.mineBlock.minecraft.oak_stairs":4,"stat.pickup.minecraft.lever":3,"stat.pickup.lycanitesmobs.raw_chupacabra_meat":20,"stat.deaths":16,"stat.pickup.lycanitesmobs.geistliver":9,"stat.drop":27,"stat.playOneMinute":89704,"stat.craftItem.spartanshields.shield_basic_stone":2,"stat.useItem.minecraft.wooden_sword":50,"stat.craftItem.minecraft.iron_pickaxe":1,"stat.pickup.minecraft.iron_block":2,"stat.killEntity.Zombie":8,"stat.drop.minecraft.glass_bottle":1,"stat.drop.minecraft.iron_ingot":2,"stat.mineBlock.minecraft.tallgrass":95,"stat.diveOneCm":23115,"stat.pickup.charm.crate":7,"stat.pickup.minecraft.wheat":8,"stat.chestOpened":86,"stat.pickup.rustic.wildberry_bush":4,"stat.pickup.minecraft.sign":4,"stat.useItem.minecraft.stone":4,"stat.pickup.minecraft.gravel":58,"stat.pickup.minecraft.iron_sword":15,"stat.pickup.minecraft.arrow":118,"stat.pickup.minecraft.wooden_pressure_plate":3,"stat.pickup.minecraft.stone_axe":13,"stat.pickup.roughtweaks.bandage":4,"stat.pickup.minecraft.obsidian":16,"stat.pickup.charm.charged_emerald":1,"stat.useItem.minecraft.rotten_flesh":2,"stat.drop.minecraft.apple":1,"stat.useItem.notreepunching.rock/stone":1,"stat.jump":1492,"stat.pickup.minecraft.coal":612,"stat.fallOneCm":30900,"stat.pickup.minecraft.iron_ingot":117,"stat.pickup.foodexpansion.itemwolfmeat":1,"stat.pickup.minecraft.carrot":33,"stat.useItem.minecraft.stone_axe":31,"stat.useItem.notreepunching.axe/flint":12,"stat.drop.minecraft.wooden_sword":1,"stat.pickup.minecraft.gunpowder":8,"stat.crouchOneCm":62078,"stat.mineBlock.minecraft.chest":2,"stat.pickup.minecraft.spider_eye":2,"stat.useItem.lycanitesmobs.raw_maka_meat":1,"stat.craftItem.minecraft.chest":8,"stat.craftItem.minecraft.iron_ingot":29,"stat.pickup.minecraft.dirt":15,"stat.craftingTableInteraction":24,"stat.pickup.minecraft.iron_ore":249,"stat.craftItem.minecraft.flint_and_steel":1,"stat.mineBlock.minecraft.leaves2":5,"stat.drop.minecraft.double_plant":3,"stat.pickup.minecraft.feather":1,"stat.pickup.minecraft.leather":18,"stat.damageTaken":3738,"stat.pickup.notreepunching.rock/stone":264,"stat.pickup.lycanitesmobs.raw_maka_meat":1,"stat.craftItem.minecraft.wooden_sword":2,"stat.pickup.minecraft.planks":347,"chupacabra.kill":1,"stat.pickup.minecraft.wheat_seeds":15,"stat.pickup.minecraft.oak_stairs":3,"stat.mineBlock.minecraft.gravel":62,"stat.useItem.minecraft.stone_pickaxe":240,"stat.mineBlock.minecraft.glass":2,"stat.useItem.minecraft.stone_sword":7,"stat.drop.minecraft.diamond_hoe":2,"stat.damageDealt":4004,"stat.pickup.forgottenitems.crafting_rune":2,"stat.killEntity.Cow":1,"stat.useItem.minecraft.crafting_table":2,"stat.mineBlock.minecraft.dirt":12,"stat.craftItem.spartanweaponry.saber_stone":1,"geonach.kill":1,"stat.walkOneCm":258713,"stat.useItem.minecraft.bread":1,"stat.useItem.minecraft.torch":5,"stat.useItem.minecraft.chest":7,"stat.pickup.minecraft.stick":209,"stat.craftItem.simpledifficulty.canteen":1,"stat.useItem.minecraft.log":23,"stat.pickup.minecraft.crafting_table":3,"stat.useItem.minecraft.cobblestone":21,"stat.craftItem.minecraft.crafting_table":2,"stat.pickup.coralreef.coral":1,"stat.useItem.minecraft.gravel":25,"stat.mineBlock.minecraft.double_plant":11,"stat.craftItem.firstaid.bandage":12,"stat.pickup.minecraft.iron_hoe":1,"stat.pickup.minecraft.log":112,"stat.pickup.notreepunching.grass_fiber":34,"stat.pickup.minecraft.iron_pickaxe":4,"stat.craftItem.realistictorches.torch_unlit":64,"stat.pickup.minecraft.stone":5,"stat.pickup.minecraft.baked_potato":26,"stat.useItem.rustic.grapes":4,"stat.pickup.minecraft.ender_pearl":4,"stat.pickup.minecraft.chorus_fruit":4,"stat.pickup.minecraft.cooked_beef":2,"stat.pickup.notreepunching.flint_shard":4,"stat.killEntity.Skeleton":1,"stat.drop.realistictorches.torch_lit":8,"stat.pickup.roughtweaks.salve":3,"stat.pickup.rustic.grapes":59,"stat.pickup.minecraft.bread":7,"stat.pickup.minecraft.stone_sword":4,"stat.mobKills":19,"stat.drop.notreepunching.rock/stone":2,"stat.mineBlock.minecraft.log":6,"stat.pickup.minecraft.quartz":6,"stat.pickup.simpledifficulty.canteen":6,"stat.craftItem.notreepunching.axe/flint":1,"stat.pickup.minecraft.torch":21,"stat.sneakTime":16833,"stat.pickup.minecraft.wool":1,"stat.pickup.minecraft.rabbit":6,"stat.drop.minecraft.stone_axe":1,"stat.useItem.minecraft.baked_potato":2,"stat.drop.minecraft.yellow_flower":1,"stat.pickup.minecraft.yellow_flower":3,"stat.craftItem.notreepunching.knife/flint":1,"stat.craftItem.minecraft.cobblestone":53,"stat.mineBlock.minecraft.stone":62,"stat.pickup.minecraft.chest":2}