{"stat.chestOpened":80,"stat.drop.minecraft.stone_pickaxe":1,"stat.pickup.rustic.wildberry_bush":4,"stat.pickup.minecraft.sign":4,"stat.pickup.lycanitesmobs.chaosorbcharge":4,"stat.pickup.minecraft.gravel":58,"darkling.kill":1,"stat.pickup.minecraft.iron_sword":8,"stat.mineBlock.minecraft.cobblestone":4,"stat.pickup.minecraft.wooden_pressure_plate":3,"stat.pickup.minecraft.stone_pickaxe":3,"stat.pickup.minecraft.flint":5,"stat.pickup.minecraft.stone_axe":7,"stat.pickup.roughtweaks.bandage":1,"stat.pickup.minecraft.obsidian":12,"stat.pickup.charm.charged_emerald":1,"stat.craftItem.minecraft.wool":8,"stat.useItem.minecraft.rotten_flesh":2,"stat.drop.minecraft.apple":1,"stat.useItem.notreepunching.rock/stone":1,"stat.craftItem.notreepunching.grass_string":11,"stat.mineBlock.charm.crate_sealed":1,"stat.craftItem.minecraft.string":36,"stat.drop.minecraft.enchanted_book":1,"stat.jump":957,"stat.swimOneCm":2270,"stat.pickup.minecraft.coal":63,"stat.pickup.minecraft.enchanted_book":1,"stat.fallOneCm":17360,"stat.climbOneCm":3270,"stat.pickup.minecraft.iron_ingot":20,"stat.mineBlock.minecraft.web":1,"stat.pickup.foodexpansion.itemwolfmeat":1,"stat.pickup.minecraft.carrot":15,"stat.pickup.firstaid.bandage":16,"stat.useItem.minecraft.stone_axe":31,"stat.useItem.notreepunching.axe/flint":12,"stat.drop.minecraft.wooden_sword":1,"stat.pickup.minecraft.porkchop":12,"stat.pickup.minecraft.gunpowder":6,"stat.pickup.foodexpansion.itemhorsemeat":3,"stat.crouchOneCm":40760,"stat.mineBlock.minecraft.chest":2,"stat.pickup.minecraft.writable_book":3,"stat.useItem.lycanitesmobs.raw_maka_meat":1,"stat.craftItem.minecraft.chest":8,"stat.craftItem.minecraft.iron_ingot":18,"stat.pickup.minecraft.dirt":15,"stat.useItem.minecraft.dirt":7,"stat.useItem.minecraft.stone_slab2":40,"stat.pickup.minecraft.iron_boots":3,"stat.craftingTableInteraction":17,"stat.pickup.minecraft.iron_ore":65,"stat.pickup.minecraft.rotten_flesh":14,"stat.craftItem.minecraft.flint_and_steel":1,"stat.craftItem.minecraft.stone_axe":2,"stat.mineBlock.minecraft.leaves2":5,"stat.drop.minecraft.double_plant":3,"stat.damageTaken":1530,"stat.pickup.minecraft.leather":10,"stat.pickup.minecraft.feather":1,"stat.useItem.minecraft.iron_ore":1,"stat.pickup.notreepunching.rock/stone":205,"stat.pickup.lycanitesmobs.raw_maka_meat":1,"stat.craftItem.minecraft.stone_pickaxe":3,"stat.pickup.minecraft.cobblestone":4,"stat.craftItem.minecraft.wooden_sword":2,"stat.pickup.minecraft.planks":332,"stat.pickup.minecraft.diamond_hoe":2,"stat.flyOneCm":176738,"stat.pickup.minecraft.wheat_seeds":15,"stat.pickup.minecraft.oak_stairs":3,"stat.mineBlock.coralreef.coral":1,"stat.drop.minecraft.wheat_seeds":2,"stat.mineBlock.minecraft.gravel":62,"stat.useItem.minecraft.stone_pickaxe":164,"stat.mineBlock.minecraft.glass":2,"stat.useItem.minecraft.stone_sword":7,"stat.drop.minecraft.diamond_hoe":2,"stat.damageDealt":2832,"stat.mineBlock.minecraft.iron_ore":50,"stat.timeSinceDeath":14105,"stat.killEntity.Cow":1,"stat.mineBlock.minecraft.dirt":12,"stat.useItem.minecraft.crafting_table":2,"stat.craftItem.spartanweaponry.saber_stone":1,"stat.pickup.minecraft.double_plant":4,"stat.walkOneCm":196615,"stat.useItem.minecraft.bread":1,"stat.useItem.minecraft.torch":1,"stat.trappedChestTriggered":1,"stat.useItem.minecraft.chest":7,"stat.pickup.minecraft.stick":158,"stat.useItem.notreepunching.knife/flint":53,"stat.craftItem.simpledifficulty.canteen":1,"stat.useItem.minecraft.log":23,"stat.pickup.minecraft.crafting_table":3,"stat.pickup.rustic.wildberries":2,"stat.useItem.minecraft.cobblestone":2,"stat.craftItem.minecraft.crafting_table":2,"stat.pickup.coralreef.coral":1,"stat.useItem.minecraft.gravel":25,"stat.mineBlock.minecraft.double_plant":11,"stat.pickup.minecraft.iron_shovel":3,"stat.craftItem.spartanweaponry.material":1,"stat.pickup.minecraft.trapdoor":1,"stat.mineBlock.minecraft.coal_ore":51,"stat.craftItem.firstaid.bandage":12,"stat.pickup.minecraft.wooden_sword":3,"stat.craftItem.realistictorches.torch_lit":64,"stat.pickup.minecraft.log":112,"stat.mineBlock.charm.crate":4,"stat.pickup.notreepunching.grass_fiber":34,"stat.pickup.minecraft.beef":13,"stat.craftItem.realistictorches.torch_unlit":64,"stat.useItem.spartanweaponry.saber_stone":9,"stat.entityKilledBy.Skeleton":1,"stat.useItem.realistictorches.torch_lit":27,"stat.pickup.minecraft.baked_potato":8,"stat.pickup.minecraft.leather_helmet":3,"stat.useItem.rustic.grapes":4,"stat.pickup.minecraft.ender_pearl":2,"stat.drop.minecraft.fishing_rod":1,"stat.sprintOneCm":165616,"stat.pickup.minecraft.iron_chestplate":3,"stat.pickup.notreepunching.flint_shard":4,"stat.killEntity.Skeleton":1,"stat.drop.realistictorches.torch_lit":8,"stat.mineBlock.rustic.wildberry_bush":4,"stat.killEntity.Horse":2,"stat.useItem.carryon.tile_item":4,"stat.pickup.realistictorches.torch_lit":60,"stat.pickup.rustic.grapes":59,"stat.mineBlock.minecraft.crafting_table":3,"stat.pickup.charm.suspicious_soup":8,"stat.pickup.minecraft.bread":7,"stat.pickup.minecraft.stone_sword":2,"stat.waystones:waystonesActivated":1,"stat.mobKills":14,"stat.pickup.dynamictrees.oakseed":1,"stat.drop.notreepunching.rock/stone":2,"stat.mineBlock.minecraft.log":6,"stat.mineBlock.minecraft.oak_stairs":4,"stat.pickup.simpledifficulty.canteen":3,"stat.pickup.minecraft.lever":3,"stat.deaths":7,"stat.pickup.lycanitesmobs.geistliver":6,"stat.drop":25,"stat.craftItem.notreepunching.axe/flint":1,"stat.playOneMinute":64504,"stat.useItem.minecraft.wooden_sword":50,"stat.pickup.minecraft.torch":11,"stat.sneakTime":11030,"stat.pickup.minecraft.wool":1,"stat.drop.minecraft.stone_axe":1,"stat.pickup.minecraft.iron_block":2,"stat.killEntity.Zombie":8,"stat.useItem.minecraft.baked_potato":2,"stat.drop.minecraft.iron_ingot":2,"stat.drop.minecraft.glass_bottle":1,"stat.drop.minecraft.yellow_flower":1,"stat.pickup.minecraft.yellow_flower":3,"stat.craftItem.notreepunching.knife/flint":1,"stat.craftItem.minecraft.cobblestone":49,"stat.mineBlock.minecraft.stone":53,"stat.mineBlock.minecraft.tallgrass":95,"stat.diveOneCm":23115,"stat.pickup.charm.crate":7,"stat.pickup.minecraft.chest":2}