{"stat.chestOpened":80,"stat.drop.minecraft.stone_pickaxe":1,"stat.pickup.rustic.wildberry_bush":4,"stat.pickup.minecraft.sign":4,"stat.pickup.lycanitesmobs.chaosorbcharge":4,"stat.pickup.minecraft.gravel":58,"darkling.kill":1,"stat.pickup.minecraft.iron_sword":8,"stat.mineBlock.minecraft.cobblestone":4,"stat.pickup.minecraft.wooden_pressure_plate":3,"stat.pickup.minecraft.stone_pickaxe":3,"stat.pickup.minecraft.flint":5,"stat.pickup.minecraft.stone_axe":7,"stat.pickup.minecraft.obsidian":12,"stat.craftItem.minecraft.wool":8,"stat.useItem.minecraft.rotten_flesh":2,"stat.drop.minecraft.apple":1,"stat.useItem.notreepunching.rock/stone":1,"stat.craftItem.notreepunching.grass_string":11,"stat.craftItem.minecraft.string":32,"stat.drop.minecraft.enchanted_book":1,"stat.jump":823,"stat.swimOneCm":1958,"stat.pickup.minecraft.coal":42,"stat.pickup.minecraft.enchanted_book":1,"stat.fallOneCm":15835,"stat.climbOneCm":3270,"stat.pickup.minecraft.iron_ingot":20,"stat.mineBlock.minecraft.web":1,"stat.pickup.foodexpansion.itemwolfmeat":1,"stat.pickup.minecraft.carrot":15,"stat.pickup.firstaid.bandage":10,"stat.useItem.minecraft.stone_axe":30,"stat.useItem.notreepunching.axe/flint":12,"stat.drop.minecraft.wooden_sword":1,"stat.pickup.minecraft.porkchop":12,"stat.pickup.minecraft.gunpowder":6,"stat.pickup.foodexpansion.itemhorsemeat":3,"stat.crouchOneCm":33345,"stat.mineBlock.minecraft.chest":2,"stat.pickup.minecraft.writable_book":3,"stat.useItem.lycanitesmobs.raw_maka_meat":1,"stat.craftItem.minecraft.chest":8,"stat.pickup.minecraft.dirt":14,"stat.useItem.minecraft.dirt":5,"stat.useItem.minecraft.stone_slab2":36,"stat.pickup.minecraft.iron_boots":3,"stat.craftingTableInteraction":13,"stat.pickup.minecraft.iron_ore":24,"stat.pickup.minecraft.rotten_flesh":5,"stat.craftItem.minecraft.flint_and_steel":1,"stat.craftItem.minecraft.stone_axe":2,"stat.mineBlock.minecraft.leaves2":5,"stat.drop.minecraft.double_plant":3,"stat.damageTaken":1349,"stat.pickup.minecraft.leather":10,"stat.pickup.minecraft.feather":1,"stat.pickup.notreepunching.rock/stone":106,"stat.pickup.lycanitesmobs.raw_maka_meat":1,"stat.craftItem.minecraft.stone_pickaxe":2,"stat.pickup.minecraft.cobblestone":4,"stat.craftItem.minecraft.wooden_sword":2,"stat.pickup.minecraft.planks":311,"stat.flyOneCm":162155,"stat.pickup.minecraft.wheat_seeds":15,"stat.pickup.minecraft.oak_stairs":3,"stat.mineBlock.coralreef.coral":1,"stat.drop.minecraft.wheat_seeds":2,"stat.mineBlock.minecraft.gravel":62,"stat.useItem.minecraft.stone_pickaxe":79,"stat.mineBlock.minecraft.glass":2,"stat.useItem.minecraft.stone_sword":7,"stat.damageDealt":1814,"stat.mineBlock.minecraft.iron_ore":8,"stat.timeSinceDeath":1505,"stat.killEntity.Cow":1,"stat.mineBlock.minecraft.dirt":12,"stat.useItem.minecraft.crafting_table":2,"stat.pickup.minecraft.double_plant":4,"stat.walkOneCm":162042,"stat.useItem.minecraft.bread":1,"stat.useItem.minecraft.torch":1,"stat.trappedChestTriggered":1,"stat.useItem.minecraft.chest":7,"stat.pickup.minecraft.stick":158,"stat.useItem.notreepunching.knife/flint":53,"stat.craftItem.simpledifficulty.canteen":1,"stat.useItem.minecraft.log":16,"stat.pickup.minecraft.crafting_table":3,"stat.pickup.rustic.wildberries":2,"stat.pickup.coralreef.coral":1,"stat.useItem.minecraft.gravel":25,"stat.mineBlock.minecraft.double_plant":11,"stat.pickup.minecraft.iron_shovel":3,"stat.pickup.minecraft.trapdoor":1,"stat.mineBlock.minecraft.coal_ore":30,"stat.craftItem.firstaid.bandage":12,"stat.pickup.minecraft.wooden_sword":3,"stat.craftItem.realistictorches.torch_lit":64,"stat.pickup.minecraft.log":112,"stat.mineBlock.charm.crate":4,"stat.pickup.notreepunching.grass_fiber":34,"stat.pickup.minecraft.beef":13,"stat.craftItem.realistictorches.torch_unlit":64,"stat.entityKilledBy.Skeleton":1,"stat.useItem.realistictorches.torch_lit":8,"stat.pickup.minecraft.leather_helmet":3,"stat.useItem.rustic.grapes":4,"stat.pickup.minecraft.ender_pearl":2,"stat.drop.minecraft.fishing_rod":1,"stat.sprintOneCm":143906,"stat.pickup.minecraft.iron_chestplate":3,"stat.pickup.notreepunching.flint_shard":4,"stat.killEntity.Skeleton":1,"stat.drop.realistictorches.torch_lit":8,"stat.mineBlock.rustic.wildberry_bush":4,"stat.killEntity.Horse":2,"stat.useItem.carryon.tile_item":4,"stat.pickup.realistictorches.torch_lit":60,"stat.pickup.rustic.grapes":59,"stat.mineBlock.minecraft.crafting_table":3,"stat.pickup.charm.suspicious_soup":7,"stat.pickup.minecraft.bread":7,"stat.pickup.minecraft.stone_sword":2,"stat.waystones:waystonesActivated":1,"stat.mobKills":10,"stat.pickup.dynamictrees.oakseed":1,"stat.drop.notreepunching.rock/stone":2,"stat.mineBlock.minecraft.log":6,"stat.mineBlock.minecraft.oak_stairs":4,"stat.pickup.simpledifficulty.canteen":3,"stat.pickup.minecraft.lever":3,"stat.deaths":7,"stat.pickup.lycanitesmobs.geistliver":6,"stat.drop":22,"stat.craftItem.notreepunching.axe/flint":1,"stat.playOneMinute":51904,"stat.useItem.minecraft.wooden_sword":35,"stat.pickup.minecraft.torch":11,"stat.sneakTime":8426,"stat.drop.minecraft.stone_axe":1,"stat.killEntity.Zombie":5,"stat.drop.minecraft.iron_ingot":2,"stat.drop.minecraft.glass_bottle":1,"stat.pickup.minecraft.yellow_flower":3,"stat.craftItem.notreepunching.knife/flint":1,"stat.craftItem.minecraft.cobblestone":23,"stat.mineBlock.minecraft.stone":30,"stat.mineBlock.minecraft.tallgrass":95,"stat.diveOneCm":22939,"stat.pickup.charm.crate":7,"stat.pickup.minecraft.chest":2}