{"stat.killEntity.EntityHorse":18,"stat.craftItem.61":14,"stat.leaveGame":2,"stat.mineBlock.131":1,"stat.mineBlock.14":9,"stat.mineBlock.13":23,"stat.mineBlock.16":82,"stat.mineBlock.15":72,"stat.mineBlock.18":4,"stat.killEntity.PigZombie":30,"stat.mineBlock.17":23,"stat.swimOneCm":29495,"stat.climbOneCm":3043,"achievement.buildWorkBench":14,"stat.craftItem.325":2,"achievement.exploreAllBiomes":{"value":0,"progress":["Sunflower Plains","Desert M","Birch Forest","Roofed Forest","Taiga M","Time Chamber","Extreme Hills+ M","Beach","Mega Taiga Hills","Extreme Hills+","Namek","River","Ocean","Taiga","Mega Taiga","Swampland","Other World","Birch Forest Hills","Savanna Plateau","ForestHills","Null Realm","Plains","TaigaHills","Other World type 4","DesertHills","Stone Beach","Other World type 3","Other World type 2","Jungle","Forest","JungleHills","Desert","Extreme Hills","Savanna M","Dirty Stony","Savanna","Hell"]},"stat.mineBlock.12":3,"stat.craftItem.364":65,"stat.craftItem.366":36,"stat.mineBlock.4":19,"achievement.diamonds":9,"stat.mineBlock.3":9,"stat.mineBlock.1":545,"stat.killEntity.Enderman":1,"stat.flyOneCm":4682956,"stat.craftItem.351":17,"achievement.buildPickaxe":6,"stat.killEntity.Witch":2,"stat.killEntity.Villager":2,"achievement.buildBetterPickaxe":5,"achievement.obtainCheese":1,"stat.killEntity.Bat":6,"stat.mineBlock.175":52,"stat.killEntity.Creeper":10,"stat.killEntity.Blitz":3,"achievement.buildSword":17,"achievement.mineWood":27,"stat.killEntity.Squid":4,"achievement.collectNamekDB":1,"stat.craftItem.320":55,"stat.breakItem.272":1,"achievement.openInventory":728,"stat.mineBlock.162":4,"achievement.killEnemy":455,"achievement.buildFurnace":28,"achievement.ghast":1,"stat.craftItem.58":8,"stat.deaths":7,"stat.drop":212,"stat.playOneMinute":528165,"stat.craftItem.50":4,"stat.killEntity.Sheep":161,"stat.breakItem.267":1,"stat.killEntity.Zombie":15,"stat.diveOneCm":408194,"stat.useItem.61":26,"stat.breakItem.257":1,"stat.killEntity.Ghast":1,"stat.mineBlock.81":15,"stat.mineBlock.87":1,"stat.mineBlock.89":12,"stat.jump":9675,"stat.fallOneCm":1997406,"achievement.killCow":88,"stat.craftItem.5":108,"stat.damageTaken":-2143450098,"stat.mineBlock.61":12,"stat.mineBlock.67":1,"stat.useItem.49":6,"stat.useItem.50":5,"stat.entityKilledBy.Zombie":1,"stat.damageDealt":251250,"stat.mineBlock.70":1,"stat.killEntity.Cow":155,"stat.killEntity.Pig":85,"stat.mineBlock.73":21,"stat.useItem.58":14,"stat.useItem.274":129,"stat.mineBlock.49":6,"stat.mineBlock.48":18,"stat.walkOneCm":2322219,"stat.craftItem.265":59,"stat.useItem.278":669,"stat.craftItem.267":1,"achievement.killDino":1,"stat.craftItem.259":1,"stat.useItem.24":1,"stat.mineBlock.58":6,"stat.craftItem.257":1,"stat.mineBlock.50":3,"stat.useItem.35":4,"stat.useItem.37":1,"stat.mineBlock.56":6,"stat.mineBlock.24":5,"stat.killEntity.Skeleton":17,"achievement.cookDinoMeat":1,"stat.useItem.257":255,"achievement.portal":2,"stat.useItem.259":1,"stat.killEntity.Chicken":92,"stat.craftItem.280":20,"stat.killEntity.Spider":36,"stat.mobKills":998,"stat.mineBlock.21":3,"achievement.collectDB":1,"stat.craftItem.272":2,"stat.mineBlock.35":1,"stat.craftItem.274":1,"stat.useItem.6":1,"stat.mineBlock.38":7,"stat.mineBlock.37":2,"achievement.acquireIron":22,"stat.useItem.267":423,"stat.craftItem.278":2,"stat.useItem.4":126,"stat.useItem.5":3,"stat.craftItem.270":1,"stat.useItem.270":7,"stat.mineBlock.32":1,"stat.useItem.13":8,"stat.mineBlock.31":1011,"stat.useItem.272":454}