{"stat.chestOpened":10,"stat.drop.minecraft.stone_pickaxe":1,"stat.pickup.minecraft.double_plant":4,"stat.walkOneCm":78816,"stat.pickup.rustic.wildberry_bush":4,"stat.trappedChestTriggered":1,"stat.pickup.minecraft.stick":10,"stat.useItem.notreepunching.knife/flint":53,"stat.pickup.minecraft.gravel":35,"stat.useItem.minecraft.log":16,"stat.mineBlock.minecraft.cobblestone":4,"stat.pickup.rustic.wildberries":1,"stat.pickup.minecraft.flint":4,"stat.pickup.coralreef.coral":1,"stat.useItem.minecraft.gravel":25,"stat.mineBlock.minecraft.double_plant":11,"stat.mineBlock.minecraft.coal_ore":14,"stat.craftItem.firstaid.bandage":12,"stat.craftItem.minecraft.wool":8,"stat.pickup.minecraft.log":17,"stat.useItem.minecraft.rotten_flesh":2,"stat.drop.minecraft.apple":1,"stat.useItem.notreepunching.rock/stone":1,"stat.craftItem.notreepunching.grass_string":11,"stat.craftItem.minecraft.string":32,"stat.drop.minecraft.enchanted_book":1,"stat.jump":400,"stat.swimOneCm":1435,"stat.mineBlock.charm.crate":2,"stat.pickup.minecraft.coal":10,"stat.fallOneCm":7095,"stat.pickup.minecraft.enchanted_book":1,"stat.pickup.notreepunching.grass_fiber":34,"stat.climbOneCm":3270,"stat.pickup.minecraft.beef":2,"stat.useItem.notreepunching.axe/flint":12,"stat.drop.minecraft.wooden_sword":1,"stat.crouchOneCm":19471,"stat.pickup.minecraft.leather_helmet":1,"stat.useItem.lycanitesmobs.raw_maka_meat":1,"stat.useItem.rustic.grapes":4,"stat.pickup.minecraft.dirt":8,"stat.useItem.minecraft.dirt":5,"stat.drop.minecraft.fishing_rod":1,"stat.sprintOneCm":68373,"stat.useItem.minecraft.stone_slab2":5,"stat.craftingTableInteraction":9,"stat.pickup.minecraft.rotten_flesh":3,"stat.pickup.notreepunching.flint_shard":4,"stat.mineBlock.rustic.wildberry_bush":4,"stat.useItem.carryon.tile_item":1,"stat.pickup.rustic.grapes":59,"stat.craftItem.minecraft.stone_axe":2,"stat.drop.minecraft.double_plant":3,"stat.damageTaken":525,"stat.pickup.minecraft.leather":4,"stat.pickup.minecraft.feather":1,"stat.pickup.notreepunching.rock/stone":78,"stat.pickup.lycanitesmobs.raw_maka_meat":1,"stat.craftItem.minecraft.stone_pickaxe":2,"stat.waystones:waystonesActivated":1,"stat.mobKills":4,"stat.pickup.minecraft.cobblestone":4,"stat.drop.notreepunching.rock/stone":2,"stat.pickup.dynamictrees.oakseed":1,"stat.craftItem.minecraft.wooden_sword":2,"stat.pickup.minecraft.planks":28,"stat.flyOneCm":81930,"stat.deaths":4,"stat.drop":13,"stat.pickup.minecraft.wheat_seeds":12,"stat.craftItem.notreepunching.axe/flint":1,"stat.playOneMinute":26704,"stat.drop.minecraft.wheat_seeds":2,"stat.mineBlock.coralreef.coral":1,"stat.useItem.minecraft.wooden_sword":11,"stat.mineBlock.minecraft.gravel":38,"stat.useItem.minecraft.stone_pickaxe":47,"stat.mineBlock.minecraft.glass":2,"stat.sneakTime":4862,"stat.damageDealt":685,"stat.drop.minecraft.stone_axe":1,"stat.killEntity.Zombie":3,"stat.timeSinceDeath":22446,"stat.drop.minecraft.iron_ingot":2,"stat.killEntity.Cow":1,"stat.mineBlock.minecraft.dirt":9,"stat.craftItem.notreepunching.knife/flint":1,"stat.craftItem.minecraft.cobblestone":11,"stat.mineBlock.minecraft.stone":26,"stat.mineBlock.minecraft.tallgrass":72,"stat.diveOneCm":22939,"stat.pickup.charm.crate":2}