{"stat.useItem.minecraft.string":2,"stat.pickup.lycanitesmobs.chaosorbcharge":8,"darkling.kill":3,"stat.leaveGame":1,"stat.killEntity.trumpetskeleton.TrumpetSkeleton":1,"stat.craftItem.spartanweaponry.greatsword_stone":1,"stat.craftItem.minecraft.string":204,"stat.drop.minecraft.enchanted_book":1,"stat.mineBlock.minecraft.web":1,"stat.pickup.firstaid.bandage":80,"stat.pickup.minecraft.porkchop":12,"stat.pickup.minecraft.rotten_flesh":33,"stat.craftItem.minecraft.stone_axe":2,"stat.pickup.minecraft.chainmail_chestplate":2,"stat.pickup.minecraft.brown_mushroom":1,"stat.pickup.spartanshields.shield_basic_stone":5,"stat.entityKilledBy.trumpetskeleton.TrumpetSkeleton":1,"stat.craftItem.realistictorches.matchbox":3,"stat.craftItem.spartanshields.shield_basic_wood":5,"stat.useItem.minecraft.iron_pickaxe":89,"stat.pickup.minecraft.double_plant":4,"stat.pickup.minecraft.armor_stand":2,"stat.trappedChestTriggered":1,"stat.useItem.notreepunching.knife/flint":53,"stat.pickup.rustic.wildberries":8,"stat.furnaceInteraction":33,"stat.craftItem.spartanweaponry.material":4,"stat.pickup.realistictorches.torch_unlit":9,"stat.craftItem.realistictorches.torch_lit":320,"stat.pickup.minecraft.beef":33,"stat.pickup.lycanitesmobs.spectralboltcharge":3,"stat.pickup.notreepunching.saw/iron":4,"stat.pickup.minecraft.leather_helmet":8,"stat.drop.minecraft.fishing_rod":1,"stat.pickup.minecraft.iron_chestplate":7,"stat.pickup.minecraft.skull":2,"stat.killEntity.Horse":2,"stat.pickup.realistictorches.torch_lit":536,"stat.craftItem.notreepunching.saw/iron":1,"stat.mineBlock.minecraft.fence":3,"stat.pickup.foodexpansion.itemsquid":3,"stat.pickup.minecraft.fermented_spider_eye":4,"stat.pickup.minecraft.saddle":2,"stat.pickup.dynamictrees.oakseed":1,"stat.mineBlock.minecraft.oak_stairs":10,"stat.pickup.minecraft.lever":3,"stat.pickup.lycanitesmobs.raw_chupacabra_meat":22,"stat.deaths":24,"stat.pickup.lycanitesmobs.geistliver":9,"stat.playOneMinute":167354,"stat.craftItem.minecraft.iron_pickaxe":3,"stat.drop.minecraft.glass_bottle":1,"stat.drop.minecraft.iron_ingot":2,"stat.pickup.rustic.aloe_vera":17,"stat.mineBlock.minecraft.tallgrass":102,"stat.chestOpened":303,"stat.useItem.minecraft.stone":4,"stat.pickup.minecraft.iron_sword":15,"stat.pickup.minecraft.arrow":122,"stat.pickup.minecraft.wooden_pressure_plate":6,"stat.pickup.charm.charged_emerald":1,"stat.craftItem.minecraft.coal":6,"stat.drop.minecraft.iron_pickaxe":1,"stat.fallOneCm":68938,"stat.pickup.foodexpansion.itemwolfmeat":1,"stat.pickup.minecraft.carrot":103,"stat.crouchOneCm":80408,"stat.mineBlock.minecraft.chest":4,"stat.useItem.lycanitesmobs.raw_maka_meat":1,"stat.craftItem.minecraft.chest":10,"stat.craftItem.minecraft.iron_ingot":98,"stat.craftingTableInteraction":64,"stat.mineBlock.minecraft.wooden_pressure_plate":1,"stat.drop.minecraft.double_plant":3,"stat.pickup.minecraft.wooden_pickaxe":1,"stat.pickup.minecraft.feather":1,"gnekk.kill":1,"stat.pickup.antiqueatlas.antique_atlas":3,"stat.craftItem.minecraft.wooden_sword":2,"stat.craftItem.simpledifficulty.iron_canteen":4,"stat.pickup.minecraft.dye":3,"stat.pickup.minecraft.planks":432,"chupacabra.kill":3,"stat.pickup.minecraft.iron_leggings":2,"stat.pickup.minecraft.wheat_seeds":38,"stat.mineBlock.minecraft.gravel":85,"stat.useItem.minecraft.stone_pickaxe":240,"stat.mineBlock.minecraft.glass":2,"stat.useItem.minecraft.stone_sword":7,"stat.craftItem.minecraft.iron_leggings":1,"stat.drop.minecraft.diamond_hoe":2,"stat.mineBlock.rustic.aloe_vera":7,"stat.mineBlock.minecraft.dirt":12,"stat.pickup.minecraft.chainmail_boots":1,"stat.pickup.minecraft.poisonous_potato":1,"stat.useItem.minecraft.bread":10,"stat.useItem.minecraft.torch":8,"stat.craftItem.simpledifficulty.canteen":2,"stat.useItem.minecraft.log":23,"stat.pickup.minecraft.crafting_table":3,"stat.useItem.minecraft.cobblestone":27,"stat.craftItem.minecraft.crafting_table":2,"stat.pickup.coralreef.coral":1,"stat.useItem.minecraft.gravel":46,"stat.mineBlock.minecraft.double_plant":11,"stat.craftItem.firstaid.bandage":68,"stat.pickup.minecraft.iron_hoe":1,"stat.pickup.minecraft.log":112,"stat.pickup.minecraft.iron_pickaxe":9,"stat.craftItem.realistictorches.torch_unlit":320,"stat.pickup.minecraft.chainmail_leggings":1,"stat.pickup.notreepunching.flint_shard":4,"stat.pickup.minecraft.beetroot":3,"stat.drop.realistictorches.torch_lit":8,"stat.pickup.roughtweaks.salve":3,"stat.pickup.minecraft.stone_sword":4,"stat.drop.notreepunching.rock/stone":2,"stat.pickup.minecraft.book":5,"stat.mineBlock.minecraft.log":6,"stat.pickup.simpledifficulty.canteen":7,"stat.craftItem.notreepunching.axe/flint":1,"stat.craftItem.minecraft.paper":20,"stat.sneakTime":21533,"stat.pickup.minecraft.wool":15,"stat.pickup.minecraft.rabbit":6,"stat.useItem.minecraft.baked_potato":2,"stat.drop.minecraft.yellow_flower":1,"stat.pickup.minecraft.yellow_flower":3,"stat.craftItem.notreepunching.knife/flint":1,"stat.craftItem.minecraft.cobblestone":68,"stat.pickup.minecraft.chest":4,"stat.drop.minecraft.stone_pickaxe":2,"stat.pickup.minecraft.bone":14,"stat.mineBlock.minecraft.cobblestone":49,"stat.pickup.minecraft.stone_pickaxe":5,"stat.pickup.minecraft.flint":5,"stat.craftItem.minecraft.wool":36,"stat.craftItem.notreepunching.grass_string":11,"stat.mineBlock.charm.crate_sealed":2,"stat.swimOneCm":6529,"stat.climbOneCm":3770,"stat.pickup.minecraft.enchanted_book":1,"stat.pickup.spartanshields.shield_basic_iron":2,"stat.pickup.foodexpansion.itemhorsemeat":7,"stat.pickup.minecraft.writable_book":7,"stat.useItem.minecraft.dirt":11,"stat.useItem.minecraft.stone_slab2":55,"stat.pickup.minecraft.bow":1,"stat.pickup.minecraft.iron_boots":9,"stat.drop.spartanshields.shield_basic_stone":2,"stat.craftItem.minecraft.furnace":1,"stat.craftItem.antiqueatlas.empty_antique_atlas":2,"stat.craftItem.spartanshields.shield_basic_iron":2,"stat.craftItem.minecraft.iron_boots":1,"stat.useItem.minecraft.iron_ore":2,"stat.craftItem.minecraft.stone_pickaxe":3,"stat.pickup.minecraft.cobblestone":214,"stat.pickup.minecraft.diamond_hoe":2,"stat.useItem.minecraft.stone_shovel":1,"stat.flyOneCm":542940,"stat.craftItem.simpledifficulty.charcoal_filter":18,"stat.mineBlock.coralreef.coral":1,"stat.drop.minecraft.wheat_seeds":2,"wraamon.kill":4,"stat.craftItem.minecraft.wooden_slab":12,"stat.mineBlock.minecraft.iron_ore":76,"stat.timeSinceDeath":179,"stat.pickup.minecraft.chainmail_helmet":1,"stat.drop.spartanweaponry.greatsword_stone":1,"stat.pickup.minecraft.iron_shovel":5,"stat.pickup.minecraft.trapdoor":1,"stat.mineBlock.minecraft.coal_ore":133,"stat.talkedToVillager":1,"stat.pickup.minecraft.wooden_sword":4,"stat.pickup.minecraft.string":14,"stat.mineBlock.charm.crate":4,"grue.kill":3,"stat.useItem.spartanweaponry.saber_stone":153,"stat.entityKilledBy.Skeleton":4,"stat.useItem.realistictorches.torch_lit":65,"stat.craftItem.minecraft.stone_slab2":0,"stat.pickup.spartanweaponry.saber_stone":6,"stat.killEntity.Squid":2,"stat.sprintOneCm":481696,"stat.craftItem.minecraft.stick":66,"stat.mineBlock.rustic.wildberry_bush":8,"stat.useItem.carryon.tile_item":4,"stat.mineBlock.minecraft.crafting_table":3,"stat.pickup.charm.suspicious_soup":9,"stat.waystones:waystonesActivated":1,"stat.mineBlock.minecraft.planks":1,"stat.drop":30,"stat.craftItem.spartanshields.shield_basic_stone":3,"stat.useItem.minecraft.wooden_sword":50,"stat.pickup.minecraft.slime_ball":3,"stat.pickup.minecraft.iron_block":2,"stat.killEntity.Zombie":10,"stat.diveOneCm":28080,"stat.pickup.charm.crate":7,"stat.pickup.minecraft.wheat":18,"stat.pickup.rustic.wildberry_bush":8,"stat.pickup.minecraft.sign":9,"stat.pickup.minecraft.gravel":81,"stat.pickup.minecraft.stone_axe":19,"stat.pickup.roughtweaks.bandage":6,"stat.pickup.minecraft.obsidian":16,"stat.pickup.simpledifficulty.iron_canteen":5,"stat.useItem.minecraft.rotten_flesh":2,"stat.drop.minecraft.apple":1,"stat.useItem.notreepunching.rock/stone":1,"stat.jump":2763,"stat.pickup.minecraft.fence":3,"stat.pickup.minecraft.coal":654,"stat.pickup.minecraft.iron_helmet":4,"stat.pickup.minecraft.iron_ingot":117,"stat.useItem.minecraft.stone_axe":67,"stat.useItem.notreepunching.axe/flint":12,"stat.drop.minecraft.wooden_sword":1,"stat.pickup.minecraft.gunpowder":8,"stat.pickup.minecraft.spider_eye":5,"stat.pickup.minecraft.dirt":110,"stat.craftItem.minecraft.iron_helmet":2,"stat.mineBlock.realistictorches.torch_lit":1,"stat.pickup.minecraft.iron_ore":273,"roc.kill":2,"stat.pickup.lycanitesmobs.poisongland":1,"reaper.kill":1,"stat.craftItem.minecraft.flint_and_steel":2,"stat.mineBlock.minecraft.leaves2":5,"stat.mineBlock.minecraft.glass_pane":2,"stat.pickup.minecraft.leather":24,"stat.damageTaken":6609,"stat.pickup.notreepunching.rock/stone":331,"stat.pickup.lycanitesmobs.raw_maka_meat":1,"stat.pickup.minecraft.prismarine_shard":6,"stat.pickup.minecraft.prismarine_crystals":3,"stat.pickup.minecraft.potato":73,"stat.pickup.minecraft.oak_stairs":9,"stat.entityKilledBy.Zombie":2,"stat.damageDealt":9761,"stat.pickup.forgottenitems.crafting_rune":2,"stat.killEntity.Cow":10,"stat.useItem.minecraft.crafting_table":2,"stat.craftItem.spartanweaponry.saber_stone":3,"stat.craftItem.minecraft.stone_shovel":1,"geonach.kill":1,"stat.walkOneCm":477666,"stat.useItem.minecraft.chest":8,"stat.pickup.minecraft.stick":213,"stat.pickup.simpledifficulty.charcoal_filter":32,"stat.craftItem.minecraft.writable_book":1,"stat.pickup.notreepunching.grass_fiber":34,"stat.pickup.minecraft.stone":5,"stat.craftItem.minecraft.iron_chestplate":2,"stat.pickup.minecraft.baked_potato":26,"stat.useItem.rustic.grapes":4,"stat.pickup.minecraft.ender_pearl":4,"stat.pickup.minecraft.chorus_fruit":4,"stat.pickup.minecraft.cooked_beef":2,"stat.killEntity.Skeleton":5,"stat.mineBlock.minecraft.tnt":1,"stat.pickup.rustic.grapes":59,"stat.killEntity.Spider":4,"stat.pickup.minecraft.bread":69,"stat.mobKills":52,"stat.pickup.minecraft.quartz":6,"stat.pickup.minecraft.beetroot_seeds":7,"stat.pickup.minecraft.torch":25,"stat.drop.minecraft.stone_axe":1,"stat.craftItem.minecraft.compass":2,"stat.mineBlock.minecraft.stone":63}