{"stat.killEntity.EntityHorse":18,"stat.craftItem.61":22,"stat.leaveGame":2,"stat.mineBlock.131":1,"stat.mineBlock.14":20,"stat.mineBlock.13":24,"stat.mineBlock.16":114,"stat.mineBlock.15":129,"stat.mineBlock.18":4,"stat.killEntity.PigZombie":30,"stat.mineBlock.17":29,"stat.swimOneCm":51029,"stat.climbOneCm":3043,"achievement.buildWorkBench":17,"stat.craftItem.325":2,"achievement.exploreAllBiomes":{"value":0,"progress":["Sunflower Plains","Desert M","Birch Forest","Roofed Forest","Taiga M","Time Chamber","Extreme Hills+ M","Beach","Mega Taiga Hills","Extreme Hills+","Namek","River","Ocean","Vegeta","Taiga","Mega Taiga","Swampland","Other World","Birch Forest Hills","Savanna Plateau","ForestHills","Null Realm","Plains","TaigaHills","Other World type 4","DesertHills","Stone Beach","Other World type 3","Other World type 2","Jungle","Forest","JungleHills","Desert","Extreme Hills","Savanna M","Dirty Stony","Savanna","Hell"]},"stat.mineBlock.12":3,"stat.craftItem.364":108,"stat.craftItem.366":36,"stat.mineBlock.4":19,"achievement.diamonds":9,"stat.mineBlock.3":30,"stat.mineBlock.1":945,"stat.killEntity.Enderman":1,"stat.flyOneCm":5228448,"stat.craftItem.351":17,"achievement.buildPickaxe":6,"stat.killEntity.Witch":2,"stat.killEntity.Villager":2,"achievement.buildBetterPickaxe":5,"achievement.obtainCheese":1,"stat.killEntity.Bat":6,"stat.mineBlock.175":52,"stat.killEntity.Creeper":10,"stat.killEntity.Blitz":5,"achievement.buildSword":17,"achievement.mineWood":33,"stat.killEntity.Squid":4,"achievement.collectNamekDB":1,"stat.craftItem.320":55,"stat.breakItem.272":1,"achievement.openInventory":819,"stat.mineBlock.162":4,"achievement.killEnemy":577,"achievement.buildFurnace":44,"achievement.ghast":1,"stat.craftItem.58":10,"stat.deaths":7,"stat.drop":214,"stat.playOneMinute":601975,"stat.craftItem.50":4,"stat.killEntity.Sheep":162,"stat.breakItem.267":1,"stat.killEntity.Zombie":15,"stat.diveOneCm":445465,"stat.useItem.61":35,"stat.breakItem.257":1,"stat.killEntity.Ghast":1,"stat.mineBlock.81":15,"stat.mineBlock.87":1,"stat.mineBlock.89":12,"stat.jump":10508,"stat.fallOneCm":2232355,"achievement.killCow":88,"stat.craftItem.5":132,"stat.damageTaken":-2143033558,"stat.mineBlock.61":13,"stat.mineBlock.67":1,"stat.useItem.49":6,"stat.useItem.50":5,"stat.entityKilledBy.Zombie":1,"stat.damageDealt":259265,"stat.mineBlock.70":1,"stat.killEntity.Cow":155,"stat.killEntity.Pig":85,"stat.mineBlock.73":42,"stat.useItem.58":16,"stat.useItem.274":129,"stat.mineBlock.49":6,"stat.mineBlock.48":18,"stat.walkOneCm":2572763,"stat.craftItem.265":69,"stat.useItem.278":1303,"stat.craftItem.267":1,"achievement.killDino":1,"stat.craftItem.259":1,"stat.useItem.24":1,"stat.mineBlock.58":7,"stat.craftItem.257":1,"stat.mineBlock.50":3,"stat.useItem.35":5,"stat.useItem.37":1,"stat.mineBlock.56":6,"stat.mineBlock.24":5,"stat.killEntity.Skeleton":17,"achievement.cookDinoMeat":1,"stat.useItem.257":255,"achievement.portal":2,"stat.useItem.259":1,"stat.killEntity.Chicken":92,"stat.craftItem.280":20,"stat.killEntity.Spider":36,"stat.mobKills":1125,"stat.mineBlock.21":3,"achievement.collectDB":1,"stat.craftItem.272":2,"stat.mineBlock.35":1,"stat.craftItem.274":1,"stat.useItem.6":1,"stat.mineBlock.38":7,"stat.mineBlock.37":2,"achievement.acquireIron":24,"stat.useItem.267":423,"stat.craftItem.278":2,"stat.useItem.4":129,"stat.useItem.5":3,"stat.craftItem.270":1,"stat.useItem.270":7,"stat.mineBlock.32":1,"stat.useItem.13":8,"stat.mineBlock.31":1013,"stat.useItem.272":454}