{"stat.chestOpened":6,"stat.pickup.minecraft.double_plant":4,"stat.walkOneCm":44173,"stat.pickup.minecraft.stick":10,"stat.useItem.notreepunching.knife/flint":53,"stat.pickup.minecraft.gravel":35,"stat.useItem.minecraft.log":16,"stat.pickup.minecraft.flint":3,"stat.pickup.coralreef.coral":1,"stat.useItem.minecraft.gravel":25,"stat.mineBlock.minecraft.double_plant":11,"stat.pickup.minecraft.log":17,"stat.drop.minecraft.apple":1,"stat.useItem.notreepunching.rock/stone":1,"stat.craftItem.notreepunching.grass_string":11,"stat.drop.minecraft.enchanted_book":1,"stat.jump":184,"stat.swimOneCm":1295,"stat.fallOneCm":2419,"stat.pickup.minecraft.enchanted_book":1,"stat.pickup.notreepunching.grass_fiber":34,"stat.pickup.minecraft.beef":2,"stat.useItem.notreepunching.axe/flint":12,"stat.crouchOneCm":10843,"stat.useItem.lycanitesmobs.raw_maka_meat":1,"stat.pickup.minecraft.dirt":7,"stat.drop.minecraft.fishing_rod":1,"stat.sprintOneCm":33209,"stat.useItem.minecraft.stone_slab2":5,"stat.craftingTableInteraction":6,"stat.pickup.notreepunching.flint_shard":4,"stat.drop.minecraft.double_plant":3,"stat.damageTaken":495,"stat.pickup.minecraft.leather":4,"stat.pickup.notreepunching.rock/stone":4,"stat.pickup.lycanitesmobs.raw_maka_meat":1,"stat.craftItem.minecraft.stone_pickaxe":1,"stat.mobKills":2,"stat.drop.notreepunching.rock/stone":2,"stat.pickup.dynamictrees.oakseed":1,"stat.pickup.minecraft.planks":28,"stat.flyOneCm":40907,"stat.deaths":4,"stat.drop":10,"stat.pickup.minecraft.wheat_seeds":12,"stat.craftItem.notreepunching.axe/flint":1,"stat.playOneMinute":14104,"stat.drop.minecraft.wheat_seeds":2,"stat.mineBlock.coralreef.coral":1,"stat.mineBlock.minecraft.gravel":38,"stat.mineBlock.minecraft.glass":2,"stat.sneakTime":2844,"stat.damageDealt":344,"stat.killEntity.Zombie":1,"stat.timeSinceDeath":9846,"stat.drop.minecraft.iron_ingot":2,"stat.killEntity.Cow":1,"stat.mineBlock.minecraft.dirt":7,"stat.craftItem.notreepunching.knife/flint":1,"stat.craftItem.minecraft.cobblestone":4,"stat.mineBlock.minecraft.tallgrass":65,"stat.diveOneCm":22939}