{"stat.chestOpened":4,"stat.flyOneCm":1201,"stat.drop.minecraft.apple":1,"stat.deaths":2,"stat.walkOneCm":3008,"stat.drop":3,"stat.drop.minecraft.enchanted_book":1,"stat.jump":14,"stat.swimOneCm":345,"stat.playOneMinute":2404,"stat.mineBlock.coralreef.coral":1,"stat.pickup.minecraft.enchanted_book":1,"stat.mineBlock.minecraft.glass":2,"stat.sneakTime":78,"stat.damageTaken":140,"stat.pickup.coralreef.coral":1,"stat.timeSinceDeath":143,"stat.sprintOneCm":3932,"stat.drop.minecraft.fishing_rod":1,"stat.diveOneCm":17849}