{"stat.useItem.minecraft.bow":9,"stat.pickup.minecraft.wooden_slab":2,"stat.pickup.lycanitesmobs.chaosorbcharge":8,"darkling.kill":6,"stat.leaveGame":5,"stat.mineBlock.minecraft.sandstone":2,"stat.craftItem.spartanweaponry.greatsword_stone":1,"stat.craftItem.minecraft.string":292,"stat.drop.minecraft.enchanted_book":1,"stat.mineBlock.minecraft.web":10,"stat.pickup.firstaid.bandage":472,"stat.drop.minecraft.feather":2,"stat.pickup.levelup2.surfaceore":20,"stat.drop.minecraft.iron_sword":1,"stat.pickup.minecraft.rotten_flesh":123,"stat.pickup.notreepunching.rock/sandstone":2,"stat.pickup.minecraft.brick_block":4,"stat.craftItem.minecraft.stone_axe":3,"eechetik.kill":1,"stat.pickup.lycanitesmobs.throwingscythecharge":2,"stat.pickup.minecraft.brown_mushroom":3,"stat.drop.simpledifficulty.iron_canteen":1,"stat.killEntity.Witch":1,"stat.entityKilledBy.trumpetskeleton.TrumpetSkeleton":1,"stat.craftItem.realistictorches.matchbox":3,"stat.craftItem.iceandfire.silver_ingot":1,"stat.useItem.minecraft.iron_pickaxe":2173,"stat.mineBlock.minecraft.brick_block":7,"stat.pickup.minecraft.double_plant":4,"stat.pickup.defiledlands.scuronotte":19,"stat.mineBlock.minecraft.vine":2,"stat.pickup.rustic.wildberries":28,"banshee.kill":2,"stat.furnaceInteraction":80,"stat.useItem.minecraft.golden_carrot":1,"stat.craftItem.spartanweaponry.material":5,"stat.killEntity.ZombieVillager":12,"stat.pickup.realistictorches.torch_unlit":42,"necrovore.kill":2,"stat.craftItem.realistictorches.torch_lit":704,"stat.pickup.minecraft.beef":45,"stat.pickup.lycanitesmobs.spectralboltcharge":3,"stat.pickup.notreepunching.saw/iron":14,"stat.pickup.minecraft.leather_helmet":8,"stat.mineBlock.minecraft.stained_hardened_clay":2,"stat.useItem.minecraft.fence":1,"stat.craftItem.notreepunching.saw/iron":3,"stat.mineBlock.minecraft.fence":3,"stat.pickup.minecraft.emerald":4,"stat.pickup.dynamictrees.oakseed":1,"stat.pickup.minecraft.lever":3,"stat.pickup.lycanitesmobs.raw_chupacabra_meat":106,"stat.deaths":59,"stat.pickup.lycanitesmobs.geistliver":25,"stat.craftItem.minecraft.iron_pickaxe":12,"stat.drop.minecraft.glass_bottle":1,"stat.drop.minecraft.iron_ingot":2,"stat.mineBlock.minecraft.tallgrass":213,"stat.chestOpened":655,"stat.useItem.minecraft.stone":5,"stat.pickup.minecraft.iron_sword":40,"stat.pickup.minecraft.arrow":129,"stat.pickup.minecraft.wooden_pressure_plate":6,"stat.craftItem.minecraft.coal":17,"geist.kill":1,"stat.drop.minecraft.iron_pickaxe":2,"stat.pickup.foodexpansion.itemwolfmeat":1,"stat.pickup.minecraft.carrot":171,"stat.crouchOneCm":284614,"stat.mineBlock.minecraft.chest":4,"stat.pickup.minecraft.rail":6,"stat.useItem.lycanitesmobs.raw_maka_meat":1,"stat.craftItem.minecraft.iron_ingot":287,"stat.craftingTableInteraction":120,"stat.pickup.iceandfire.myrmex_desert_resin":4,"stat.mineBlock.minecraft.wooden_pressure_plate":2,"stat.pickup.iceandfire.silver_ore":43,"stat.drop.minecraft.double_plant":3,"stat.pickup.minecraft.wooden_pickaxe":1,"stat.craftItem.minecraft.wooden_sword":2,"stat.craftItem.simpledifficulty.iron_canteen":9,"stat.pickup.minecraft.dye":74,"stat.pickup.minecraft.planks":762,"chupacabra.kill":13,"stat.pickup.minecraft.wheat_seeds":46,"stat.mineBlock.minecraft.glass":2,"stat.mineBlock.minecraft.dirt":62,"stat.pickup.minecraft.poisonous_potato":1,"stat.drop.spartanweaponry.saber_stone":1,"stat.useItem.minecraft.bread":17,"stat.mineBlock.iceandfire.silver_ore":24,"stat.useItem.minecraft.cobblestone":758,"stat.pickup.coralreef.coral":1,"stat.useItem.minecraft.gravel":82,"stat.mineBlock.minecraft.double_plant":11,"stat.craftItem.firstaid.bandage":110,"stat.pickup.toolbelt.belt":15,"stat.pickup.minecraft.iron_pickaxe":34,"stat.craftItem.realistictorches.torch_unlit":704,"stat.craftItem.minecraft.gold_ingot":13,"stat.pickup.minecraft.chicken":4,"stat.pickup.iceandfire.myrmex_stinger":2,"stat.drop.realistictorches.torch_lit":8,"stat.pickup.roughtweaks.salve":4,"stat.useItem.minecraft.iron_sword":403,"stat.craftItem.minecraft.planks":100,"stat.pickup.minecraft.stone_sword":4,"stat.drop.notreepunching.rock/stone":2,"stat.pickup.minecraft.book":14,"stat.mineBlock.minecraft.log":6,"stat.useItem.notreepunching.rock/sandstone":2,"stat.mineBlock.minecraft.waterlily":1,"stat.pickup.defiledlands.vilespine":6,"stat.useItem.minecraft.spruce_door":1,"stat.craftItem.notreepunching.axe/flint":1,"stat.pickup.minecraft.iron_door":1,"stat.craftItem.minecraft.paper":20,"stat.pickup.minecraft.wool":68,"ent.kill":2,"stat.craftItem.minecraft.cobblestone":1065,"stat.craftItem.minecraft.spruce_door":2,"stat.cakeSlicesEaten":1,"stat.mineBlock.minecraft.cobblestone":108,"stat.pickup.minecraft.stone_pickaxe":5,"stat.pickup.minecraft.flint":19,"stat.entityKilledBy.Witch":1,"stat.craftItem.minecraft.wool":37,"stat.pickup.minecraft.enchanted_book":2,"stat.pickup.spartanshields.shield_basic_iron":27,"stat.drop.minecraft.cobblestone":1,"stat.craftItem.xpbook.xp_book":1,"stat.pickup.minecraft.writable_book":7,"stat.useItem.minecraft.stone_slab2":112,"stat.pickup.minecraft.bow":11,"stat.pickup.minecraft.iron_boots":31,"stat.drop.spartanshields.shield_basic_stone":2,"stat.craftItem.minecraft.furnace":3,"stat.craftItem.minecraft.iron_boots":2,"stat.craftItem.minecraft.bow":1,"stat.pickup.minecraft.diamond_hoe":2,"stat.mineBlock.minecraft.clay":2,"stat.useItem.minecraft.brick_block":3,"stat.flyOneCm":1842377,"wraamon.kill":6,"stat.timeSinceDeath":38568,"kobold.kill":4,"stat.pickup.minecraft.chainmail_helmet":1,"stat.mineBlock.minecraft.coal_ore":390,"stat.killEntity.Creeper":2,"stat.talkedToVillager":15,"stat.pickup.minecraft.wooden_sword":4,"stat.drop.minecraft.baked_potato":2,"stat.pickup.minecraft.string":42,"grue.kill":8,"stat.pickup.lycanitesmobs.scorchfireballcharge":4,"stat.useItem.spartanweaponry.saber_stone":233,"stat.entityKilledBy.Skeleton":4,"stat.killEntity.Squid":2,"stat.sprintOneCm":1392453,"stat.mineBlock.minecraft.stone_slab":2,"stat.mineBlock.rustic.wildberry_bush":36,"stat.useItem.carryon.tile_item":4,"stat.mineBlock.minecraft.diamond_ore":14,"stat.pickup.charm.suspicious_soup":9,"stat.waystones:waystonesActivated":6,"stat.useItem.minecraft.wooden_sword":50,"stat.pickup.minecraft.iron_block":5,"stat.killEntity.Zombie":25,"stat.mineBlock.minecraft.gold_ore":24,"stat.diveOneCm":156299,"stat.pickup.minecraft.wheat":18,"stat.pickup.simpledifficulty.magma_chunk":3,"stat.pickup.minecraft.sign":9,"stat.pickup.minecraft.stone_axe":22,"stat.pickup.minecraft.obsidian":19,"stat.mineBlock.defiledlands.vilespine":3,"stat.pickup.simpledifficulty.iron_canteen":24,"stat.useItem.minecraft.rotten_flesh":2,"stat.drop.minecraft.apple":1,"stat.useItem.notreepunching.rock/stone":1,"stat.jump":8484,"stat.pickup.minecraft.coal":1124,"stat.pickup.minecraft.iron_ingot":158,"stat.useItem.notreepunching.axe/flint":12,"stat.drop.minecraft.wooden_sword":1,"stat.pickup.minecraft.gunpowder":20,"stat.pickup.minecraft.dirt":198,"stat.mineBlock.realistictorches.torch_lit":16,"stat.craftItem.comforts.sleeping_bag":1,"stat.pickup.minecraft.stone_shovel":1,"roc.kill":5,"stat.pickup.lycanitesmobs.poisongland":8,"stat.pickup.lycanitesmobs.soulstone_beast":1,"reaper.kill":1,"stat.pickup.minecraft.gold_ore":36,"stat.mineBlock.minecraft.lapis_ore":7,"stat.pickup.iceandfire.iceandfire.deathworm_egg":1,"stat.mineBlock.minecraft.glass_pane":2,"stat.damageTaken":19974,"stat.pickup.minecraft.potato":114,"stat.entityKilledBy.Zombie":4,"stat.killEntity.Silverfish":10,"stat.craftItem.minecraft.stone_slab":6,"geonach.kill":9,"stat.useItem.minecraft.chest":8,"stat.pickup.simpledifficulty.charcoal_filter":140,"stat.pickup.notreepunching.grass_fiber":34,"stat.pickup.wolfarmor.diamond_wolf_armor":7,"stat.craftItem.minecraft.iron_chestplate":2,"stat.pickup.minecraft.baked_potato":651,"stat.mineBlock.scalinghealth.crystalore":14,"stat.pickup.minecraft.ender_pearl":11,"stat.pickup.minecraft.cooked_beef":2,"stat.mineBlock.minecraft.tnt":2,"stat.mineBlock.minecraft.stonebrick":1,"stat.pickup.rustic.grapes":59,"stat.mobKills":180,"stat.mineBlock.minecraft.bookshelf":3,"stat.pickup.minecraft.diamond":68,"stat.pickup.minecraft.beetroot_seeds":7,"stat.pickup.minecraft.torch":25,"stat.entityKilledBy.Silverfish":1,"stat.drop.minecraft.stone_axe":1,"stat.craftItem.minecraft.compass":2,"stat.useItem.minecraft.string":2,"stat.killEntity.trumpetskeleton.TrumpetSkeleton":3,"stat.useItem.minecraft.planks":44,"stat.pickup.minecraft.glowstone_dust":4,"stat.pickup.minecraft.porkchop":23,"stat.pickup.lycanitesmobs.aquapulsecharge":3,"stat.useItem.minecraft.ender_pearl":1,"stat.pickup.minecraft.chainmail_chestplate":2,"stat.pickup.spartanshields.shield_basic_stone":5,"remobra.kill":1,"stat.craftItem.spartanshields.shield_basic_wood":6,"stat.pickup.minecraft.armor_stand":2,"stat.trappedChestTriggered":1,"stat.useItem.notreepunching.knife/flint":53,"stat.craftItem.minecraft.golden_carrot":4,"stat.drop.minecraft.fishing_rod":1,"stat.pickup.minecraft.iron_chestplate":30,"stat.pickup.minecraft.skull":12,"stat.mineBlock.defiledlands.scuronotte":12,"stat.killEntity.Horse":2,"stat.pickup.realistictorches.torch_lit":2058,"stat.pickup.foodexpansion.itemsquid":3,"stat.pickup.minecraft.fermented_spider_eye":8,"stat.pickup.minecraft.saddle":3,"stat.mineBlock.minecraft.oak_stairs":10,"stat.playOneMinute":477538,"stat.pickup.minecraft.blaze_rod":3,"stat.pickup.rustic.aloe_vera":41,"stat.pickup.minecraft.pumpkin":5,"stat.pickup.iceandfire.myrmex_desert_chitin":2,"stat.pickup.minecraft.waterlily":1,"stat.pickup.charm.charged_emerald":1,"stat.fallOneCm":212315,"stat.pickup.minecraft.melon_seeds":2,"stat.craftItem.minecraft.chest":10,"jengu.kill":1,"stat.pickup.minecraft.feather":7,"stat.drop.minecraft.bone":1,"stat.pickup.rustic.tomato":2,"stat.useItem.minecraft.furnace":1,"stat.drop.antiqueatlas.antique_atlas":1,"gnekk.kill":5,"stat.pickup.antiqueatlas.antique_atlas":15,"stat.pickup.minecraft.iron_leggings":23,"stat.mineBlock.minecraft.gravel":141,"stat.useItem.minecraft.stone_pickaxe":240,"stat.useItem.minecraft.stone_sword":7,"stat.craftItem.minecraft.iron_leggings":2,"stat.drop.minecraft.diamond_hoe":2,"stat.killEntity.Rabbit":1,"stat.mineBlock.rustic.aloe_vera":22,"stat.pickup.minecraft.chainmail_boots":1,"stat.mineBlock.minecraft.monster_egg":1,"stat.useItem.minecraft.torch":8,"stat.craftItem.simpledifficulty.canteen":2,"stat.useItem.minecraft.log":34,"stat.pickup.minecraft.crafting_table":3,"stat.craftItem.minecraft.crafting_table":5,"tpumpkyn.kill":2,"stat.pickup.minecraft.iron_hoe":1,"stat.pickup.minecraft.log":123,"stat.pickup.minecraft.compass":1,"stat.pickup.minecraft.chainmail_leggings":1,"stat.pickup.notreepunching.flint_shard":4,"stat.pickup.minecraft.beetroot":3,"stat.craftItem.toolbelt.belt":1,"stat.pickup.simpledifficulty.canteen":7,"stat.sneakTime":87988,"stat.pickup.minecraft.rabbit":18,"stat.useItem.minecraft.baked_potato":21,"stat.drop.minecraft.yellow_flower":1,"stat.pickup.minecraft.stone_slab":2,"stat.pickup.minecraft.yellow_flower":3,"stat.craftItem.notreepunching.knife/flint":1,"stat.pickup.minecraft.chest":4,"stat.drop.minecraft.stone_pickaxe":2,"stat.pickup.minecraft.bone":45,"stat.pickup.lycanitesmobs.remobrawing":1,"stat.pickup.iceandfire.deathworm_chitin":3,"stat.craftItem.notreepunching.grass_string":11,"stat.mineBlock.charm.crate_sealed":2,"stat.swimOneCm":79379,"stat.climbOneCm":6724,"stat.pickup.foodexpansion.itemhorsemeat":7,"stat.useItem.minecraft.dirt":43,"vapula.kill":1,"stat.craftItem.antiqueatlas.empty_antique_atlas":2,"stat.craftItem.spartanshields.shield_basic_iron":3,"stat.useItem.minecraft.iron_ore":5,"stat.craftItem.minecraft.stone_pickaxe":3,"stat.mineBlock.minecraft.magma":2,"stat.pickup.minecraft.cobblestone":1166,"stat.useItem.minecraft.stone_shovel":50,"stat.craftItem.simpledifficulty.charcoal_filter":30,"stat.mineBlock.coralreef.coral":1,"stat.drop.minecraft.wheat_seeds":3,"stat.mineBlock.quark.stone_andesite_stairs":1,"stat.craftItem.minecraft.wooden_slab":12,"stat.pickup.minecraft.redstone":682,"stat.mineBlock.minecraft.iron_ore":261,"stat.pickup.minecraft.mutton":20,"stat.pickup.minecraft.stonebrick":1,"stat.drop.spartanweaponry.greatsword_stone":1,"stat.pickup.minecraft.iron_shovel":5,"stat.pickup.minecraft.trapdoor":1,"makaalpha.kill":1,"stat.mineBlock.charm.crate":6,"stat.useItem.realistictorches.torch_lit":365,"stat.craftItem.minecraft.stone_slab2":0,"stat.pickup.spartanweaponry.saber_stone":7,"stat.craftItem.minecraft.stick":246,"stat.useItem.minecraft.stone_slab":7,"stat.craftItem.minecraft.gold_nugget":36,"stat.killEntity.myrmex_soldier":1,"stat.mineBlock.minecraft.crafting_table":3,"stat.entityKilledBy.Creeper":1,"stat.mineBlock.minecraft.planks":6,"stat.drop":43,"stat.craftItem.spartanshields.shield_basic_stone":3,"stat.killEntity.Sheep":10,"stat.pickup.minecraft.slime_ball":15,"stat.pickup.charm.crate":9,"stat.pickup.rustic.wildberry_bush":52,"stat.drop.minecraft.wooden_pickaxe":1,"stat.pickup.minecraft.gravel":140,"stat.pickup.roughtweaks.bandage":6,"stat.pickup.minecraft.fence":5,"stat.pickup.minecraft.iron_helmet":14,"stat.pickup.scalinghealth.crystalshard":56,"stat.useItem.minecraft.stone_axe":88,"stat.pickup.minecraft.spider_eye":16,"stat.craftItem.minecraft.iron_helmet":4,"stat.pickup.minecraft.iron_ore":685,"stat.craftItem.minecraft.flint_and_steel":13,"stat.mineBlock.minecraft.leaves2":5,"stat.pickup.lycanitesmobs.halloweentreat":22,"stat.pickup.minecraft.leather":42,"stat.pickup.notreepunching.rock/stone":5236,"stat.pickup.lycanitesmobs.raw_maka_meat":3,"stat.useItem.minecraft.wooden_pickaxe":2,"stat.pickup.minecraft.prismarine_shard":6,"stat.pickup.minecraft.prismarine_crystals":3,"stat.pickup.minecraft.reeds":34,"stat.pickup.minecraft.oak_stairs":9,"stat.damageDealt":39672,"stat.pickup.forgottenitems.crafting_rune":2,"stat.sleepInBed":2,"stat.killEntity.Cow":17,"stat.useItem.minecraft.crafting_table":2,"stat.craftItem.minecraft.iron_sword":3,"stat.craftItem.spartanweaponry.saber_stone":4,"stat.craftItem.minecraft.stone_shovel":2,"stat.walkOneCm":1175188,"stat.pickup.minecraft.stick":263,"stat.craftItem.quark.custom_chest":1,"stat.pickup.minecraft.clay_ball":12,"spriggan.kill":1,"stat.craftItem.minecraft.writable_book":1,"stat.pickup.minecraft.tnt":1,"stat.pickup.minecraft.stone":82,"stat.useItem.rustic.grapes":4,"stat.pickup.lycanitesmobs.crystalshardcharge":6,"stat.pickup.minecraft.chorus_fruit":4,"stat.pickup.minecraft.gold_ingot":13,"stat.killEntity.Skeleton":9,"stat.killEntity.Chicken":1,"stat.killEntity.Spider":8,"stat.pickup.minecraft.bread":90,"stat.pickup.minecraft.quartz":81,"stat.useItem.minecraft.golden_apple":4,"stat.mineBlock.minecraft.leaves":10,"stat.mineBlock.minecraft.redstone_ore":68,"spectre.kill":1,"stat.mineBlock.minecraft.stone":1430}