{"stat.killEntity.EntityHorse":16,"stat.useItem.116":3,"stat.craftItem.61":12,"stat.leaveGame":7,"stat.mineBlock.14":11,"stat.mineBlock.13":1,"stat.mineBlock.16":24,"stat.mineBlock.15":23,"stat.mineBlock.17":65,"stat.swimOneCm":25313,"stat.climbOneCm":1658,"achievement.buildWorkBench":7,"stat.craftItem.325":2,"achievement.exploreAllBiomes":{"value":0,"progress":["Birch Forest Hills","Sunflower Plains","ForestHills","Null Realm","Birch Forest","Flower Forest","Roofed Forest","Plains","Other World type 4","DesertHills","Other World type 3","Extreme Hills+","Other World type 2","Namek","River","Forest","Desert","Taiga","Extreme Hills","Dirty Stony","Swampland","Other World","Savanna","Hell"]},"stat.mineBlock.12":3,"stat.useItem.331":2,"stat.craftItem.366":24,"stat.mineBlock.4":1,"achievement.diamonds":1,"stat.mineBlock.3":110,"stat.mineBlock.1":132,"stat.killEntity.Enderman":3,"stat.mineBlock.116":3,"stat.flyOneCm":3820163,"stat.craftItem.351":17,"achievement.buildPickaxe":8,"achievement.buildBetterPickaxe":6,"achievement.obtainCheese":1,"stat.mineBlock.175":15,"stat.killEntity.Creeper":6,"stat.killEntity.Blitz":1,"achievement.mineWood":66,"achievement.collectNamekDB":1,"stat.craftItem.320":35,"stat.breakItem.274":1,"achievement.openInventory":577,"stat.breakItem.275":1,"achievement.buildFurnace":24,"stat.craftItem.58":4,"stat.deaths":31,"stat.drop":285,"stat.playOneMinute":702748,"stat.killEntity.Sheep":53,"stat.craftItem.54":7,"stat.killEntity.Zombie":14,"stat.diveOneCm":545295,"stat.useItem.61":16,"stat.killEntity.Ghast":1,"stat.mineBlock.81":10,"stat.mineBlock.87":5,"stat.mineBlock.89":23,"stat.jump":6898,"stat.fallOneCm":1950939,"stat.craftItem.5":216,"stat.damageTaken":-2122529581,"stat.mineBlock.61":4,"stat.useItem.54":4,"stat.entityKilledBy.Zombie":1,"stat.damageDealt":320280,"stat.killEntity.Cow":6,"stat.killEntity.Pig":43,"stat.useItem.58":5,"stat.useItem.274":217,"stat.useItem.275":118,"stat.walkOneCm":2067488,"stat.craftItem.265":14,"stat.useItem.278":3,"stat.craftItem.266":8,"stat.playerKills":3,"achievement.killDino":1,"stat.craftItem.259":1,"stat.mineBlock.58":1,"stat.craftItem.257":1,"stat.useItem.35":6,"stat.killEntity.Skeleton":8,"achievement.cookDinoMeat":1,"stat.useItem.257":86,"stat.useItem.259":7,"stat.killEntity.Chicken":67,"stat.craftItem.280":24,"stat.killEntity.Spider":12,"stat.mobKills":467,"stat.mineBlock.21":7,"achievement.collectDB":1,"stat.mineBlock.38":2,"stat.craftItem.274":2,"stat.craftItem.275":1,"achievement.acquireIron":14,"stat.useItem.4":29,"stat.useItem.5":20,"stat.craftItem.270":1,"stat.useItem.3":73,"stat.useItem.270":17,"stat.useItem.13":1,"stat.mineBlock.31":358,"stat.useItem.15":2}