{"stat.chestOpened":36,"stat.cakeSlicesEaten":5,"stat.entityKilledBy.seaserpent":2,"stat.pickup.minecraft.bone":7,"stat.pickup.minecraft.wooden_slab":6,"stat.useItem.minecraft.stone":20,"stat.pickup.minecraft.gravel":13,"stat.pickup.minecraft.stone_pickaxe":5,"stat.pickup.minecraft.flint":12,"raiko.kill":2,"stat.pickup.minecraft.stone_axe":7,"stat.pickup.simpledifficulty.purified_water_bottle":12,"stat.pickup.minecraft.obsidian":3,"stat.mineBlock.minecraft.brown_mushroom":1,"stat.craftItem.notreepunching.grass_string":4,"stat.jump":1592,"stat.swimOneCm":16848,"stat.pickup.minecraft.fence":1,"stat.pickup.minecraft.coal":148,"stat.fallOneCm":34987,"stat.useItem.minecraft.planks":5,"stat.climbOneCm":3988,"stat.useItem.minecraft.stone_axe":57,"stat.useItem.notreepunching.axe/flint":24,"stat.craftItem.minecraft.bread":12,"stat.crouchOneCm":43877,"stat.pickup.minecraft.spider_eye":12,"stat.craftItem.minecraft.iron_ingot":8,"stat.pickup.minecraft.dirt":79,"stat.useItem.minecraft.cookie":3,"stat.useItem.minecraft.dirt":30,"stat.pickup.lycanitesmobs.eechetikarm":1,"stat.useItem.minecraft.stone_slab2":6,"stat.pickup.minecraft.bow":4,"stat.useItem.minecraft.water_bucket":8,"stat.craftingTableInteraction":12,"stat.mineBlock.minecraft.stone_brick_stairs":1,"stat.pickup.minecraft.iron_ore":134,"stat.pickup.minecraft.rotten_flesh":12,"stat.pickup.minecraft.sand":1,"roc.kill":5,"stat.pickup.lycanitesmobs.poisongland":6,"stat.mineBlock.minecraft.iron_bars":1,"reaper.kill":1,"warg.kill":1,"stat.craftItem.minecraft.stone_axe":1,"stat.craftItem.spartanshields.shield_basic_iron":1,"stat.mineBlock.minecraft.glass_pane":3,"stat.pickup.minecraft.feather":3,"stat.damageTaken":6710,"stat.pickup.minecraft.leather":5,"stat.pickup.notreepunching.rock/stone":330,"stat.craftItem.minecraft.stone_pickaxe":1,"stat.pickup.minecraft.cobblestone":50,"stat.mineBlock.minecraft.wooden_slab":1,"stat.pickup.minecraft.planks":7,"chupacabra.kill":2,"eechetik.kill":1,"stat.flyOneCm":289908,"stat.pickup.minecraft.soul_sand":6,"stat.pickup.minecraft.brown_mushroom":7,"stat.mineBlock.minecraft.sand":1,"stat.pickup.spartanshields.shield_basic_stone":5,"stat.mineBlock.minecraft.gravel":15,"stat.useItem.minecraft.stone_pickaxe":106,"stat.useItem.minecraft.cooked_beef":2,"stat.craftItem.minecraft.wooden_slab":6,"stat.damageDealt":5256,"stat.craftItem.realistictorches.matchbox":1,"stat.mineBlock.minecraft.iron_ore":80,"stat.sleepInBed":1,"stat.timeSinceDeath":12394,"stat.craftItem.spartanshields.shield_basic_wood":1,"stat.mineBlock.minecraft.dirt":30,"stat.useItem.minecraft.iron_pickaxe":203,"stat.entityKilledBy.if_cockatrice":1,"stat.pickup.minecraft.mutton":52,"geonach.kill":3,"stat.walkOneCm":314506,"stat.useItem.minecraft.torch":8,"stat.pickup.minecraft.stick":57,"stat.useItem.notreepunching.knife/flint":20,"stat.useItem.minecraft.log":4,"stat.pickup.minecraft.clay_ball":5,"banshee.kill":1,"stat.craftItem.minecraft.crafting_table":1,"stat.furnaceInteraction":8,"krake.kill":2,"stat.mineBlock.minecraft.coal_ore":92,"stat.talkedToVillager":6,"stat.pickup.realistictorches.torch_unlit":13,"stat.pickup.lycanitesmobs.quillcharge":4,"stat.craftItem.realistictorches.torch_lit":12,"stat.pickup.minecraft.log":17,"stat.pickup.minecraft.string":1,"stat.useItem.realistictorches.torch_unlit":4,"stat.pickup.minecraft.compass":5,"stat.craftItem.minecraft.wheat":36,"stat.pickup.notreepunching.grass_fiber":13,"stat.pickup.minecraft.iron_pickaxe":2,"stat.craftItem.realistictorches.torch_unlit":16,"stat.pickup.lycanitesmobs.spectralboltcharge":3,"stat.craftItem.minecraft.stone_slab2":0,"stat.useItem.realistictorches.torch_lit":10,"stat.pickup.minecraft.hay_block":4,"stat.pickup.minecraft.stone":42,"quillbeast.kill":1,"stat.sprintOneCm":330112,"stat.pickup.minecraft.cooked_beef":8,"stat.craftItem.iceandfire.bestiary":1,"stat.pickup.notreepunching.flint_shard":2,"stat.pickup.realistictorches.torch_lit":7,"stat.mineBlock.minecraft.fence":1,"stat.killEntity.Spider":3,"stat.pickup.minecraft.bread":168,"stat.waystones:waystonesActivated":1,"stat.mobKills":33,"stat.pickup.dynamictrees.oakseed":1,"stat.pickup.lycanitesmobs.raw_krake_meat":7,"stat.pickup.minecraft.quartz":6,"stat.entityKilledBy.Creeper":1,"stat.pickup.lycanitesmobs.raw_chupacabra_meat":3,"stat.deaths":26,"stat.pickup.minecraft.water_bucket":6,"stat.craftItem.notreepunching.axe/flint":1,"stat.craftItem.minecraft.paper":6,"stat.playOneMinute":109821,"stat.pickup.minecraft.torch":55,"stat.killEntity.Sheep":8,"stat.sneakTime":11603,"stat.pickup.minecraft.slime_ball":4,"stat.craftItem.minecraft.iron_pickaxe":1,"stat.pickup.minecraft.wool":45,"stat.useItem.mujmajnkraftsbettersurvival.itemstonespear":2,"stat.killEntity.Zombie":2,"stat.mineBlock.minecraft.hay_block":4,"stat.pickup.realistictorches.matchbox":2,"stat.pickup.minecraft.iron_bars":1,"stat.craftItem.notreepunching.knife/flint":1,"stat.craftItem.minecraft.cobblestone":20,"stat.mineBlock.minecraft.stone":86,"stat.mineBlock.minecraft.tallgrass":20,"stat.diveOneCm":59309}