{"stat.chestOpened":26,"stat.cakeSlicesEaten":5,"stat.entityKilledBy.seaserpent":2,"stat.pickup.minecraft.bone":7,"stat.useItem.minecraft.stone":1,"stat.pickup.minecraft.gravel":13,"stat.pickup.minecraft.stone_pickaxe":3,"stat.pickup.minecraft.flint":12,"raiko.kill":2,"stat.pickup.minecraft.stone_axe":5,"stat.pickup.simpledifficulty.purified_water_bottle":8,"stat.pickup.minecraft.obsidian":3,"stat.mineBlock.minecraft.brown_mushroom":1,"stat.craftItem.notreepunching.grass_string":4,"stat.jump":1315,"stat.swimOneCm":16781,"stat.pickup.minecraft.fence":1,"stat.pickup.minecraft.coal":8,"stat.fallOneCm":32542,"stat.useItem.minecraft.planks":5,"stat.climbOneCm":3988,"stat.useItem.minecraft.stone_axe":38,"stat.useItem.notreepunching.axe/flint":24,"stat.craftItem.minecraft.bread":12,"stat.crouchOneCm":32349,"stat.pickup.minecraft.spider_eye":8,"stat.craftItem.minecraft.iron_ingot":4,"stat.pickup.minecraft.dirt":72,"stat.useItem.minecraft.cookie":3,"stat.useItem.minecraft.dirt":25,"stat.pickup.lycanitesmobs.eechetikarm":1,"stat.useItem.minecraft.stone_slab2":4,"stat.pickup.minecraft.bow":4,"stat.useItem.minecraft.water_bucket":7,"stat.craftingTableInteraction":10,"stat.mineBlock.minecraft.stone_brick_stairs":1,"stat.pickup.minecraft.iron_ore":53,"stat.pickup.minecraft.rotten_flesh":12,"stat.pickup.minecraft.sand":1,"roc.kill":5,"stat.pickup.lycanitesmobs.poisongland":6,"stat.mineBlock.minecraft.iron_bars":1,"reaper.kill":1,"warg.kill":1,"stat.craftItem.minecraft.stone_axe":1,"stat.mineBlock.minecraft.glass_pane":3,"stat.pickup.minecraft.feather":3,"stat.damageTaken":5973,"stat.pickup.minecraft.leather":2,"stat.pickup.notreepunching.rock/stone":103,"stat.craftItem.minecraft.stone_pickaxe":1,"stat.pickup.minecraft.cobblestone":21,"stat.mineBlock.minecraft.wooden_slab":1,"stat.pickup.minecraft.planks":7,"eechetik.kill":1,"stat.flyOneCm":262288,"stat.pickup.minecraft.brown_mushroom":7,"stat.mineBlock.minecraft.sand":1,"stat.pickup.spartanshields.shield_basic_stone":3,"stat.mineBlock.minecraft.gravel":15,"stat.useItem.minecraft.stone_pickaxe":101,"stat.useItem.minecraft.cooked_beef":2,"stat.craftItem.minecraft.wooden_slab":6,"stat.damageDealt":3808,"stat.craftItem.realistictorches.matchbox":1,"stat.mineBlock.minecraft.iron_ore":27,"stat.sleepInBed":1,"stat.timeSinceDeath":5529,"stat.mineBlock.minecraft.dirt":29,"stat.entityKilledBy.if_cockatrice":1,"stat.pickup.minecraft.mutton":52,"geonach.kill":1,"stat.walkOneCm":248495,"stat.pickup.minecraft.stick":47,"stat.useItem.notreepunching.knife/flint":20,"stat.useItem.minecraft.log":4,"stat.pickup.minecraft.clay_ball":1,"stat.craftItem.minecraft.crafting_table":1,"stat.furnaceInteraction":2,"krake.kill":1,"stat.mineBlock.minecraft.coal_ore":6,"stat.talkedToVillager":6,"stat.pickup.minecraft.log":17,"stat.pickup.minecraft.compass":3,"stat.craftItem.minecraft.wheat":36,"stat.pickup.notreepunching.grass_fiber":13,"stat.pickup.lycanitesmobs.spectralboltcharge":3,"stat.craftItem.minecraft.stone_slab2":0,"stat.pickup.minecraft.hay_block":4,"stat.pickup.minecraft.stone":10,"stat.sprintOneCm":273609,"stat.pickup.minecraft.cooked_beef":8,"stat.craftItem.iceandfire.bestiary":1,"stat.pickup.notreepunching.flint_shard":2,"stat.mineBlock.minecraft.fence":1,"stat.killEntity.Spider":2,"stat.pickup.minecraft.bread":48,"stat.waystones:waystonesActivated":1,"stat.mobKills":25,"stat.pickup.dynamictrees.oakseed":1,"stat.pickup.lycanitesmobs.raw_krake_meat":3,"stat.entityKilledBy.Creeper":1,"stat.deaths":23,"stat.pickup.minecraft.water_bucket":4,"stat.craftItem.notreepunching.axe/flint":1,"stat.craftItem.minecraft.paper":6,"stat.playOneMinute":84621,"stat.pickup.minecraft.torch":45,"stat.killEntity.Sheep":8,"stat.sneakTime":7695,"stat.pickup.minecraft.slime_ball":4,"stat.craftItem.minecraft.iron_pickaxe":1,"stat.pickup.minecraft.wool":31,"stat.useItem.mujmajnkraftsbettersurvival.itemstonespear":2,"stat.killEntity.Zombie":2,"stat.mineBlock.minecraft.hay_block":4,"stat.pickup.minecraft.iron_bars":1,"stat.craftItem.notreepunching.knife/flint":1,"stat.craftItem.minecraft.cobblestone":20,"stat.mineBlock.minecraft.stone":25,"stat.mineBlock.minecraft.tallgrass":20,"stat.diveOneCm":59309}