{"stat.chestOpened":18,"stat.cakeSlicesEaten":5,"stat.entityKilledBy.seaserpent":2,"stat.walkOneCm":152787,"stat.pickup.minecraft.bone":1,"stat.pickup.minecraft.stick":8,"stat.useItem.notreepunching.knife/flint":20,"stat.pickup.minecraft.gravel":13,"stat.useItem.minecraft.log":4,"stat.pickup.minecraft.clay_ball":1,"stat.pickup.minecraft.flint":2,"stat.craftItem.minecraft.crafting_table":1,"raiko.kill":2,"krake.kill":1,"stat.mineBlock.minecraft.coal_ore":5,"stat.mineBlock.minecraft.brown_mushroom":1,"stat.talkedToVillager":6,"stat.pickup.minecraft.log":7,"stat.craftItem.notreepunching.grass_string":4,"stat.jump":1048,"stat.swimOneCm":14424,"stat.pickup.minecraft.fence":1,"stat.pickup.minecraft.coal":4,"stat.fallOneCm":26641,"stat.pickup.notreepunching.grass_fiber":13,"stat.useItem.minecraft.planks":2,"stat.climbOneCm":3988,"stat.useItem.notreepunching.axe/flint":24,"stat.pickup.minecraft.hay_block":4,"stat.crouchOneCm":24850,"stat.pickup.minecraft.dirt":4,"stat.useItem.minecraft.cookie":3,"stat.sprintOneCm":202564,"stat.useItem.minecraft.stone_slab2":4,"stat.craftItem.iceandfire.bestiary":1,"stat.useItem.minecraft.water_bucket":2,"stat.craftingTableInteraction":4,"stat.mineBlock.minecraft.stone_brick_stairs":1,"stat.pickup.notreepunching.flint_shard":2,"stat.pickup.minecraft.sand":1,"roc.kill":5,"stat.mineBlock.minecraft.iron_bars":1,"stat.mineBlock.minecraft.fence":1,"stat.craftItem.minecraft.stone_axe":1,"stat.mineBlock.minecraft.glass_pane":3,"stat.damageTaken":3720,"stat.pickup.minecraft.feather":3,"stat.pickup.notreepunching.rock/stone":97,"stat.craftItem.minecraft.stone_pickaxe":1,"stat.waystones:waystonesActivated":1,"stat.mobKills":10,"stat.pickup.dynamictrees.oakseed":1,"stat.pickup.lycanitesmobs.raw_krake_meat":3,"stat.entityKilledBy.Creeper":1,"stat.pickup.minecraft.planks":7,"stat.flyOneCm":230089,"stat.deaths":15,"stat.pickup.minecraft.brown_mushroom":1,"stat.craftItem.notreepunching.axe/flint":1,"stat.mineBlock.minecraft.sand":1,"stat.playOneMinute":59421,"stat.mineBlock.minecraft.gravel":15,"stat.useItem.minecraft.stone_pickaxe":69,"stat.killEntity.Sheep":2,"stat.useItem.minecraft.cooked_beef":2,"stat.sneakTime":6206,"stat.pickup.minecraft.wool":1,"stat.useItem.mujmajnkraftsbettersurvival.itemstonespear":2,"stat.damageDealt":1332,"stat.timeSinceDeath":13686,"stat.mineBlock.minecraft.hay_block":4,"stat.pickup.minecraft.iron_bars":1,"stat.craftItem.notreepunching.knife/flint":1,"stat.mineBlock.minecraft.dirt":6,"stat.craftItem.minecraft.cobblestone":20,"stat.mineBlock.minecraft.stone":22,"stat.entityKilledBy.if_cockatrice":1,"stat.mineBlock.minecraft.tallgrass":20,"stat.diveOneCm":59309,"stat.pickup.minecraft.mutton":2}