{"pixen.kill":5,"stat.pickup.minecraft.wooden_slab":9,"stat.pickup.lycanitesmobs.chaosorbcharge":20,"stat.leaveGame":1,"stat.pickup.lycanitesmobs.raw_ika_meat":2,"darkling.kill":1,"stat.useItem.realistictorches.matchbox":2,"stat.pickup.lycanitesmobs.cooked_krake_meat":6,"stat.killEntity.trumpetskeleton.TrumpetSkeleton":3,"wraith.kill":1,"stat.useItem.minecraft.planks":23,"stat.pickup.minecraft.glowstone_dust":31,"stat.pickup.minecraft.porkchop":7,"stat.pickup.minecraft.blaze_powder":6,"stat.pickup.lycanitesmobs.cooked_chupacabra_meat":12,"stat.useItem.minecraft.water_bucket":20,"stat.mineBlock.minecraft.stone_brick_stairs":1,"stat.pickup.lycanitesmobs.bloodleechcharge":5,"stat.pickup.minecraft.rotten_flesh":73,"silex.kill":8,"stat.pickup.minecraft.sand":15,"stat.craftItem.minecraft.golden_apple":1,"warg.kill":1,"stat.pickup.dttraverse.firseed":2,"stat.craftItem.astikorcarts.wheel":2,"stat.craftItem.minecraft.stone_axe":2,"stat.useItem.traverse.fir_planks":13,"stat.pickup.minecraft.name_tag":2,"stat.pickup.lycanitesmobs.hellfireballcharge":19,"stat.pickup.iceandfire.sea_serpent_scales_deepblue":94,"stat.pickup.variedcommodities.coin_diamond":4,"stat.mineBlock.minecraft.wooden_slab":1,"stat.pickup.minecraft.activator_rail":4,"stat.pickup.minecraft.leather_boots":1,"stat.pickup.lycanitesmobs.aquapulsecharge":14,"eechetik.kill":12,"stat.craftItem.minecraft.stone_sword":1,"stat.craftItem.astikorcarts.cargocart":1,"stat.pickup.minecraft.brown_mushroom":35,"stat.mineBlock.minecraft.sand":9,"stat.pickup.spartanshields.shield_basic_stone":6,"stat.craftItem.realistictorches.matchbox":1,"stat.craftItem.spartanshields.shield_basic_wood":2,"stat.craftItem.minecraft.blaze_powder":8,"stat.craftItem.iceandfire.silver_ingot":10,"stat.pickup.iceandfire.silver_ingot":5,"stat.useItem.minecraft.iron_pickaxe":554,"stat.useItem.minecraft.spawn_egg":1,"stat.craftItem.xat.glow_ring":1,"stat.pickup.minecraft.double_plant":3,"stat.mineBlock.traverse.fir_planks":3,"stat.useItem.notreepunching.knife/flint":20,"banshee.kill":1,"stat.craftItem.minecraft.golden_carrot":1,"stat.furnaceInteraction":46,"stat.pickup.spartanweaponry.crossbow_iron":5,"stat.craftItem.spartanweaponry.material":4,"stat.killEntity.ZombieVillager":2,"stat.pickup.realistictorches.torch_unlit":18,"necrovore.kill":5,"stat.craftItem.realistictorches.torch_lit":57,"stat.pickup.quark.crystal":10,"stat.useItem.realistictorches.torch_unlit":4,"stat.pickup.minecraft.filled_map":1,"stat.pickup.minecraft.beef":9,"stat.pickup.lycanitesmobs.spectralboltcharge":19,"stat.pickup.minecraft.hay_block":4,"stat.pickup.minecraft.iron_chestplate":20,"stat.useItem.spartanweaponry.saber_iron":261,"stat.pickup.realistictorches.torch_lit":15,"stat.pickup.xat.glow_ring":6,"afrit.kill":1,"stat.mineBlock.minecraft.fence":5,"stat.useItem.astikorcarts.cargocart":1,"stat.pickup.minecraft.pumpkin_seeds":8,"stat.pickup.foodexpansion.itemsquid":16,"stat.pickup.lycanitesmobs.tricksterflarecharge":28,"stat.pickup.minecraft.emerald":26,"stat.pickup.dynamictrees.oakseed":3,"stat.mineBlock.quark.crystal":16,"stat.pickup.lycanitesmobs.raw_krake_meat":27,"stat.pickup.lycanitesmobs.raw_chupacabra_meat":39,"stat.deaths":58,"stat.playOneMinute":454655,"stat.pickup.spartanweaponry.crossbow_diamond":3,"stat.pickup.minecraft.blaze_rod":7,"stat.craftItem.minecraft.iron_pickaxe":2,"stat.craftItem.lycanitesmobs.aviantreat":8,"stat.pickup.realistictorches.matchbox":7,"stat.pickup.minecraft.iron_bars":4,"stat.mineBlock.minecraft.tallgrass":24,"stat.craftItem.minecraft.cooked_mutton":7,"stat.pickup.minecraft.cooked_mutton":28,"stat.pickup.lycanitesmobs.aviantreat":8,"stat.chestOpened":347,"stat.pickup.minecraft.pumpkin":19,"stat.craftItem.roughtweaks.plaster":1,"stat.pickup.corpsecomplex.scroll":5,"stat.useItem.minecraft.stone":44,"stat.pickup.minecraft.arrow":18,"stat.pickup.minecraft.iron_sword":3,"geist.kill":1,"stat.drop.minecraft.iron_pickaxe":1,"stat.mineBlock.minecraft.gold_block":1,"stat.craftItem.minecraft.iron_nugget":45,"stat.fallOneCm":108070,"stat.useItem.spartanweaponry.crossbow_diamond":11,"stat.pickup.minecraft.carrot":15,"stat.pickup.minecraft.melon_seeds":36,"stat.crouchOneCm":98763,"stat.pickup.minecraft.rail":36,"stat.craftItem.minecraft.iron_ingot":282,"stat.craftItem.minecraft.chest":10,"stat.pickup.variedcommodities.diamond_skirt":3,"stat.pickup.minecraft.red_mushroom":51,"stat.craftingTableInteraction":76,"stat.pickup.iceandfire.silver_ore":10,"jengu.kill":1,"arix.kill":3,"stat.pickup.minecraft.feather":29,"stat.useItem.minecraft.reeds":22,"gnekk.kill":2,"stat.pickup.antiqueatlas.antique_atlas":6,"stat.pickup.minecraft.dye":111,"stat.pickup.minecraft.planks":109,"chupacabra.kill":9,"stat.pickup.minecraft.iron_leggings":19,"stat.pickup.minecraft.wheat_seeds":8,"stat.mineBlock.minecraft.gravel":16,"stat.useItem.minecraft.stone_pickaxe":106,"stat.useItem.minecraft.stone_sword":102,"stat.mineBlock.minecraft.dirt":33,"arisaur.kill":5,"stat.pickup.lycanitesmobs.raw_silex_meat":30,"stat.useItem.minecraft.torch":59,"stat.useItem.minecraft.bread":1,"stat.pickup.minecraft.golden_apple":74,"stat.pickup.minecraft.iron_nugget":14,"stat.mineBlock.iceandfire.silver_ore":11,"stat.useItem.minecraft.log":28,"stat.pickup.minecraft.crafting_table":1,"stat.useItem.minecraft.cobblestone":67,"stat.craftItem.minecraft.crafting_table":2,"stat.useItem.lycanitesmobs.cooked_krake_meat":1,"stat.craftItem.minecraft.boat":1,"tpumpkyn.kill":2,"stat.mineBlock.minecraft.emerald_ore":6,"stat.pickup.minecraft.log":152,"stat.pickup.minecraft.compass":11,"stat.pickup.minecraft.iron_pickaxe":29,"stat.craftItem.spartanweaponry.saber_iron":1,"stat.craftItem.realistictorches.torch_unlit":120,"stat.craftItem.minecraft.gold_ingot":36,"stat.pickup.minecraft.web":1,"stat.pickup.minecraft.sapling":6,"stat.pickup.minecraft.wooden_door":1,"stat.pickup.minecraft.apple":11,"stat.craftItem.iceandfire.bestiary":1,"stat.pickup.notreepunching.flint_shard":2,"stat.pickup.traverse.fir_planks":104,"stat.pickup.roughtweaks.salve":1,"stat.craftItem.minecraft.bucket":1,"stat.itemEnchanted":8,"stat.craftItem.lycanitesmobs.cooked_chupacabra_meat":6,"stat.pickup.minecraft.stone_sword":9,"stat.pickup.spartanweaponry.longbow_bronze":2,"stat.craftItem.xat.glowing_ingot":1,"stat.craftItem.notreepunching.axe/flint":1,"stat.craftItem.minecraft.paper":6,"stat.sneakTime":31284,"stat.pickup.minecraft.wool":98,"stat.pickup.minecraft.rabbit":3,"ent.kill":7,"stat.craftItem.notreepunching.knife/flint":1,"stat.craftItem.minecraft.cobblestone":139,"stat.pickup.minecraft.chest":1,"stat.cakeSlicesEaten":5,"stat.craftItem.minecraft.diamond_chestplate":1,"stat.pickup.minecraft.bone":126,"stat.mineBlock.minecraft.cobblestone":4,"stat.pickup.minecraft.stone_pickaxe":11,"raiko.kill":2,"stat.pickup.minecraft.flint":14,"stat.mineBlock.minecraft.brown_mushroom":1,"stat.craftItem.notreepunching.grass_string":4,"stat.mineBlock.charm.crate_sealed":2,"stat.swimOneCm":55692,"stat.climbOneCm":4366,"stat.pickup.minecraft.enchanted_book":4,"stat.pickup.spartanshields.shield_basic_iron":20,"stat.pickup.minecraft.cooked_porkchop":34,"stat.pickup.lycanitesmobs.eechetikarm":3,"stat.useItem.minecraft.dirt":30,"stat.useItem.minecraft.cookie":3,"stat.useItem.minecraft.stone_slab2":28,"stat.pickup.minecraft.bow":5,"stat.pickup.minecraft.iron_boots":21,"stat.craftItem.variedcommodities.coin_diamond":4,"stat.craftItem.spartanshields.shield_basic_iron":2,"stat.craftItem.spartanweaponry.crossbow_iron":1,"stat.craftItem.minecraft.stone_pickaxe":1,"stat.pickup.minecraft.cobblestone":277,"stat.craftItem.minecraft.bow":2,"stat.pickup.minecraft.gold_block":1,"stat.flyOneCm":3408776,"stat.pickup.minecraft.soul_sand":24,"stat.pickup.minecraft.glass_bottle":3,"stat.pickup.minecraft.fish":17,"stat.useItem.minecraft.cooked_beef":2,"stat.craftItem.minecraft.wooden_slab":6,"stat.mineBlock.minecraft.iron_ore":118,"stat.timeSinceDeath":12940,"stat.mineBlock.rustic.cohosh":1,"stat.pickup.minecraft.mutton":126,"stat.craftItem.minecraft.iron_block":3,"stat.useItem.quark.crystal":1,"krake.kill":6,"stat.useItem.minecraft.cooked_porkchop":3,"stat.pickup.spartanweaponry.bolt_diamond":24,"stat.mineBlock.minecraft.coal_ore":169,"stat.killEntity.Creeper":3,"stat.talkedToVillager":6,"stat.pickup.iceandfire.sea_serpent_fang":8,"stat.craftItem.lycanitesmobs.cooked_krake_meat":2,"stat.useItem.spartanweaponry.crossbow_iron":97,"stat.pickup.minecraft.string":33,"stat.pickup.spartanweaponry.bolt":353,"grue.kill":3,"stat.pickup.lycanitesmobs.scorchfireballcharge":1,"stat.craftItem.minecraft.stone_slab2":0,"stat.useItem.realistictorches.torch_lit":10,"stat.pickup.lycanitesmobs.raw_arisaur_meat":40,"stat.killEntity.Squid":2,"stat.useItem.spartanweaponry.saber_diamond":190,"stat.sprintOneCm":838483,"stat.craftItem.spartanweaponry.bolt":124,"stat.useItem.carryon.tile_item":5,"stat.craftItem.spartanweaponry.saber_diamond":1,"stat.craftItem.minecraft.gold_nugget":18,"stat.mineBlock.minecraft.diamond_ore":8,"stat.waystones:waystonesActivated":1,"stat.craftItem.lycanitesmobs.cooked_arisaur_meat":6,"stat.pickup.minecraft.diamond_chestplate":3,"stat.entityKilledBy.Creeper":2,"stat.pickup.minecraft.sugar":5,"stat.mineBlock.minecraft.planks":2,"stat.drop":1,"stat.pickup.lycanitesmobs.immunizer":1,"stat.killEntity.Sheep":14,"treant.kill":1,"stat.pickup.minecraft.slime_ball":47,"stat.useItem.mujmajnkraftsbettersurvival.itemstonespear":2,"stat.craftItem.minecraft.diamond_pickaxe":1,"stat.pickup.minecraft.iron_block":54,"stat.killEntity.Zombie":14,"stat.pickup.minecraft.snowball":8,"stat.mineBlock.minecraft.gold_ore":28,"stat.diveOneCm":185375,"stat.entityKilledBy.seaserpent":3,"stat.pickup.minecraft.gravel":15,"stat.pickup.minecraft.stone_axe":19,"stat.pickup.roughtweaks.bandage":2,"stat.pickup.simpledifficulty.purified_water_bottle":18,"stat.pickup.minecraft.obsidian":20,"stat.pickup.simpledifficulty.iron_canteen":10,"stat.useItem.minecraft.potion":1,"stat.pickup.minecraft.diamond_sword":2,"stat.useItem.traverse.fir_log":27,"stat.pickup.minecraft.brick":16,"stat.jump":4438,"stat.pickup.minecraft.fence":8,"stat.pickup.minecraft.coal":429,"stat.pickup.minecraft.iron_helmet":22,"stat.pickup.scalinghealth.crystalshard":33,"stat.pickup.minecraft.iron_ingot":245,"stat.useItem.minecraft.stone_axe":74,"stat.useItem.notreepunching.axe/flint":24,"stat.craftItem.minecraft.bread":12,"stat.pickup.minecraft.gunpowder":6,"stat.pickup.minecraft.spider_eye":23,"stat.pickup.minecraft.dirt":91,"stat.craftItem.minecraft.iron_helmet":1,"stat.pickup.minecraft.iron_ore":199,"roc.kill":11,"stat.pickup.lycanitesmobs.poisongland":20,"stat.boatOneCm":51775,"stat.mineBlock.minecraft.iron_bars":3,"reaper.kill":5,"stat.pickup.minecraft.gold_ore":42,"stat.mineBlock.minecraft.lapis_ore":3,"stat.pickup.minecraft.cookie":2,"stat.mineBlock.minecraft.glass_pane":3,"stat.pickup.lycanitesmobs.halloweentreat":11,"stat.damageTaken":21186,"stat.pickup.minecraft.leather":24,"stat.pickup.notreepunching.rock/stone":1524,"stat.mineBlock.minecraft.torch":1,"behemoth.kill":4,"stat.useItem.lycanitesmobs.cooked_arisaur_meat":6,"stat.pickup.minecraft.reeds":28,"stat.pickup.familiarfauna.turkey_leg_raw":6,"stat.killEntity.hippogryph":1,"stat.pickup.minecraft.potato":15,"stat.entityKilledBy.Zombie":4,"volcan.kill":1,"stat.damageDealt":31095,"stat.pickup.spartanweaponry.saber_iron":6,"stat.sleepInBed":3,"stat.craftItem.minecraft.anvil":1,"stat.entityKilledBy.if_cockatrice":1,"stat.craftItem.minecraft.iron_sword":2,"stat.pickup.minecraft.boat":1,"geonach.kill":4,"stat.walkOneCm":934769,"stat.pickup.foodexpansion.itemcookedbatwing":4,"lurker.kill":3,"stat.useItem.minecraft.chest":12,"stat.pickup.foodexpansion.itemfriedegg":8,"stat.pickup.dynamictrees.birchseed":2,"stat.pickup.minecraft.stick":358,"stat.pickup.spartanweaponry.saber_diamond":6,"stat.useItem.minecraft.pumpkin":2,"argus.kill":2,"stat.pickup.minecraft.clay_ball":34,"stat.craftItem.firstaid.plaster":2,"stat.pickup.foodexpansion.itemchocolatebar":12,"stat.pickup.lycanitesmobs.quillcharge":16,"stat.pickup.traverse.fir_log":428,"stat.pickup.bountifulbaubles.potionrecall":1,"stat.craftItem.spartanweaponry.crossbow_diamond":1,"stat.craftItem.minecraft.wheat":36,"epion.kill":1,"stat.pickup.notreepunching.grass_fiber":13,"stat.pickup.minecraft.stone":72,"stat.mineBlock.minecraft.wool":4,"stat.craftItem.lycanitesmobs.cooked_silex_meat":12,"stat.mineBlock.scalinghealth.crystalore":10,"stat.killEntity.familiarfauna.turkey":1,"stat.pickup.minecraft.ender_pearl":32,"quillbeast.kill":1,"stat.pickup.lycanitesmobs.cooked_silex_meat":2,"stat.pickup.minecraft.air":0,"stat.pickup.minecraft.cooked_beef":16,"stat.pickup.minecraft.gold_ingot":56,"stat.killEntity.Skeleton":5,"stat.pickup.lycanitesmobs.cooked_arisaur_meat":6,"stat.killEntity.familiarfauna.butterfly":1,"stat.killEntity.Spider":7,"stat.pickup.minecraft.bread":474,"stat.mobKills":165,"stat.pickup.minecraft.quartz":47,"stat.pickup.lycanitesmobs.arixbrain":2,"stat.pickup.lycanitesmobs.icefireballcharge":6,"stat.useItem.minecraft.golden_apple":36,"stat.useItem.minecraft.boat":2,"stat.pickup.minecraft.water_bucket":18,"stat.pickup.minecraft.diamond":34,"stat.pickup.minecraft.beetroot_seeds":8,"stat.pickup.minecraft.torch":257,"spectre.kill":1,"stat.mineBlock.minecraft.hay_block":4,"stat.useItem.spartanweaponry.throwing_knife_bronze":72,"stat.mineBlock.minecraft.stone":220}