{"stat.pickup.minecraft.wooden_slab":9,"stat.pickup.lycanitesmobs.chaosorbcharge":4,"stat.leaveGame":1,"stat.useItem.realistictorches.matchbox":2,"stat.useItem.minecraft.planks":23,"stat.useItem.minecraft.water_bucket":9,"stat.mineBlock.minecraft.stone_brick_stairs":1,"stat.pickup.minecraft.rotten_flesh":47,"silex.kill":8,"stat.pickup.minecraft.sand":8,"stat.craftItem.minecraft.golden_apple":1,"warg.kill":1,"stat.pickup.dttraverse.firseed":2,"stat.craftItem.minecraft.stone_axe":2,"stat.mineBlock.minecraft.wooden_slab":1,"stat.pickup.lycanitesmobs.aquapulsecharge":8,"eechetik.kill":5,"stat.craftItem.minecraft.stone_sword":1,"stat.pickup.minecraft.brown_mushroom":11,"stat.mineBlock.minecraft.sand":9,"stat.pickup.spartanshields.shield_basic_stone":5,"stat.craftItem.realistictorches.matchbox":1,"stat.craftItem.spartanshields.shield_basic_wood":2,"stat.useItem.minecraft.iron_pickaxe":214,"stat.useItem.notreepunching.knife/flint":20,"banshee.kill":1,"stat.furnaceInteraction":20,"stat.craftItem.spartanweaponry.material":2,"stat.killEntity.ZombieVillager":2,"stat.pickup.realistictorches.torch_unlit":18,"stat.craftItem.realistictorches.torch_lit":57,"stat.useItem.realistictorches.torch_unlit":4,"stat.pickup.lycanitesmobs.spectralboltcharge":9,"stat.pickup.minecraft.hay_block":4,"stat.pickup.minecraft.iron_chestplate":10,"stat.useItem.spartanweaponry.saber_iron":92,"stat.pickup.realistictorches.torch_lit":15,"stat.mineBlock.minecraft.fence":3,"stat.pickup.minecraft.pumpkin_seeds":8,"stat.pickup.foodexpansion.itemsquid":12,"stat.pickup.dynamictrees.oakseed":3,"stat.pickup.lycanitesmobs.raw_krake_meat":7,"stat.pickup.lycanitesmobs.raw_chupacabra_meat":12,"stat.deaths":44,"stat.playOneMinute":285455,"stat.craftItem.minecraft.iron_pickaxe":2,"stat.pickup.realistictorches.matchbox":7,"stat.pickup.minecraft.iron_bars":3,"stat.mineBlock.minecraft.tallgrass":24,"stat.chestOpened":121,"stat.craftItem.roughtweaks.plaster":1,"stat.useItem.minecraft.stone":20,"stat.pickup.minecraft.arrow":8,"stat.mineBlock.minecraft.gold_block":1,"stat.fallOneCm":66604,"stat.pickup.minecraft.melon_seeds":12,"stat.crouchOneCm":60976,"stat.craftItem.minecraft.iron_ingot":90,"stat.craftItem.minecraft.chest":2,"stat.pickup.minecraft.red_mushroom":21,"stat.craftingTableInteraction":34,"jengu.kill":1,"stat.pickup.minecraft.feather":19,"stat.useItem.minecraft.reeds":22,"stat.pickup.minecraft.dye":47,"stat.pickup.minecraft.planks":101,"chupacabra.kill":2,"stat.pickup.minecraft.iron_leggings":11,"stat.pickup.minecraft.wheat_seeds":8,"stat.mineBlock.minecraft.gravel":15,"stat.useItem.minecraft.stone_pickaxe":106,"stat.useItem.minecraft.stone_sword":102,"stat.mineBlock.minecraft.dirt":30,"arisaur.kill":5,"stat.pickup.lycanitesmobs.raw_silex_meat":30,"stat.useItem.minecraft.torch":8,"stat.useItem.minecraft.bread":1,"stat.pickup.minecraft.golden_apple":1,"stat.useItem.minecraft.log":28,"stat.pickup.minecraft.crafting_table":1,"stat.craftItem.minecraft.crafting_table":2,"stat.craftItem.minecraft.boat":1,"stat.pickup.minecraft.log":104,"stat.pickup.minecraft.compass":6,"stat.pickup.minecraft.iron_pickaxe":16,"stat.craftItem.spartanweaponry.saber_iron":1,"stat.craftItem.realistictorches.torch_unlit":120,"stat.craftItem.minecraft.gold_ingot":12,"stat.pickup.minecraft.wooden_door":1,"stat.craftItem.iceandfire.bestiary":1,"stat.pickup.notreepunching.flint_shard":2,"stat.pickup.roughtweaks.salve":1,"stat.pickup.minecraft.stone_sword":8,"stat.craftItem.notreepunching.axe/flint":1,"stat.craftItem.minecraft.paper":6,"stat.sneakTime":19395,"stat.pickup.minecraft.wool":79,"ent.kill":2,"stat.craftItem.notreepunching.knife/flint":1,"stat.craftItem.minecraft.cobblestone":52,"stat.cakeSlicesEaten":5,"stat.pickup.minecraft.bone":76,"stat.pickup.minecraft.stone_pickaxe":10,"raiko.kill":2,"stat.pickup.minecraft.flint":12,"stat.mineBlock.minecraft.brown_mushroom":1,"stat.craftItem.notreepunching.grass_string":4,"stat.swimOneCm":41919,"stat.climbOneCm":4173,"stat.pickup.minecraft.enchanted_book":3,"stat.pickup.spartanshields.shield_basic_iron":10,"stat.pickup.minecraft.cooked_porkchop":34,"stat.pickup.lycanitesmobs.eechetikarm":1,"stat.useItem.minecraft.dirt":30,"stat.useItem.minecraft.cookie":3,"stat.useItem.minecraft.stone_slab2":13,"stat.pickup.minecraft.bow":4,"stat.pickup.minecraft.iron_boots":10,"stat.craftItem.spartanshields.shield_basic_iron":2,"stat.craftItem.minecraft.stone_pickaxe":1,"stat.pickup.minecraft.cobblestone":118,"stat.pickup.minecraft.gold_block":1,"stat.flyOneCm":2999390,"stat.pickup.minecraft.soul_sand":21,"stat.useItem.minecraft.cooked_beef":2,"stat.craftItem.minecraft.wooden_slab":6,"stat.mineBlock.minecraft.iron_ore":85,"stat.timeSinceDeath":7235,"stat.mineBlock.rustic.cohosh":1,"stat.pickup.minecraft.mutton":96,"krake.kill":2,"stat.useItem.minecraft.cooked_porkchop":3,"stat.mineBlock.minecraft.coal_ore":92,"stat.killEntity.Creeper":1,"stat.talkedToVillager":6,"stat.pickup.minecraft.string":6,"stat.craftItem.minecraft.stone_slab2":0,"stat.useItem.realistictorches.torch_lit":10,"stat.pickup.lycanitesmobs.raw_arisaur_meat":33,"stat.killEntity.Squid":2,"stat.sprintOneCm":585337,"stat.useItem.carryon.tile_item":2,"stat.waystones:waystonesActivated":1,"stat.craftItem.lycanitesmobs.cooked_arisaur_meat":6,"stat.entityKilledBy.Creeper":1,"stat.killEntity.Sheep":14,"stat.pickup.minecraft.slime_ball":23,"stat.useItem.mujmajnkraftsbettersurvival.itemstonespear":2,"stat.killEntity.Zombie":9,"stat.mineBlock.minecraft.gold_ore":3,"stat.diveOneCm":165793,"stat.entityKilledBy.seaserpent":3,"stat.pickup.minecraft.gravel":13,"stat.pickup.minecraft.stone_axe":13,"stat.pickup.simpledifficulty.purified_water_bottle":18,"stat.pickup.minecraft.obsidian":6,"stat.pickup.minecraft.diamond_sword":2,"stat.jump":2827,"stat.pickup.minecraft.fence":3,"stat.pickup.minecraft.coal":254,"stat.pickup.minecraft.iron_helmet":11,"stat.useItem.minecraft.stone_axe":69,"stat.useItem.notreepunching.axe/flint":24,"stat.craftItem.minecraft.bread":12,"stat.pickup.minecraft.gunpowder":2,"stat.pickup.minecraft.spider_eye":21,"stat.pickup.minecraft.dirt":81,"stat.craftItem.minecraft.iron_helmet":1,"stat.pickup.minecraft.iron_ore":139,"roc.kill":8,"stat.pickup.lycanitesmobs.poisongland":8,"stat.boatOneCm":51775,"stat.mineBlock.minecraft.iron_bars":3,"reaper.kill":2,"stat.pickup.minecraft.gold_ore":3,"stat.mineBlock.minecraft.glass_pane":3,"stat.damageTaken":12159,"stat.pickup.minecraft.leather":5,"stat.pickup.notreepunching.rock/stone":1078,"stat.mineBlock.minecraft.torch":1,"stat.useItem.lycanitesmobs.cooked_arisaur_meat":6,"stat.pickup.minecraft.reeds":27,"stat.pickup.familiarfauna.turkey_leg_raw":6,"stat.entityKilledBy.Zombie":3,"stat.damageDealt":14148,"stat.pickup.spartanweaponry.saber_iron":1,"stat.sleepInBed":3,"stat.entityKilledBy.if_cockatrice":1,"stat.pickup.minecraft.boat":1,"geonach.kill":3,"stat.walkOneCm":555601,"lurker.kill":1,"stat.useItem.minecraft.chest":1,"stat.pickup.minecraft.stick":130,"argus.kill":1,"stat.pickup.minecraft.clay_ball":15,"stat.craftItem.firstaid.plaster":2,"stat.pickup.lycanitesmobs.quillcharge":14,"stat.pickup.traverse.fir_log":148,"stat.craftItem.minecraft.wheat":36,"stat.pickup.notreepunching.grass_fiber":13,"stat.pickup.minecraft.stone":42,"stat.killEntity.familiarfauna.turkey":1,"quillbeast.kill":1,"stat.pickup.minecraft.air":0,"stat.pickup.minecraft.cooked_beef":8,"stat.pickup.minecraft.gold_ingot":3,"stat.killEntity.Skeleton":4,"stat.pickup.lycanitesmobs.cooked_arisaur_meat":6,"stat.killEntity.familiarfauna.butterfly":1,"stat.killEntity.Spider":6,"stat.pickup.minecraft.bread":468,"stat.mobKills":86,"stat.pickup.minecraft.quartz":36,"stat.useItem.minecraft.golden_apple":1,"stat.useItem.minecraft.boat":2,"stat.pickup.minecraft.water_bucket":9,"stat.pickup.minecraft.torch":71,"stat.mineBlock.minecraft.hay_block":4,"stat.useItem.spartanweaponry.throwing_knife_bronze":71,"stat.mineBlock.minecraft.stone":86}