{"stat.pickup.minecraft.wooden_slab":9,"stat.pickup.lycanitesmobs.chaosorbcharge":4,"stat.leaveGame":1,"stat.useItem.realistictorches.matchbox":2,"stat.pickup.lycanitesmobs.cooked_krake_meat":1,"stat.killEntity.trumpetskeleton.TrumpetSkeleton":1,"stat.useItem.minecraft.planks":23,"stat.useItem.minecraft.water_bucket":10,"stat.mineBlock.minecraft.stone_brick_stairs":1,"stat.pickup.minecraft.rotten_flesh":51,"silex.kill":8,"stat.pickup.minecraft.sand":8,"stat.craftItem.minecraft.golden_apple":1,"warg.kill":1,"stat.pickup.dttraverse.firseed":2,"stat.craftItem.astikorcarts.wheel":2,"stat.craftItem.minecraft.stone_axe":2,"stat.useItem.traverse.fir_planks":13,"stat.mineBlock.minecraft.wooden_slab":1,"stat.pickup.lycanitesmobs.aquapulsecharge":12,"eechetik.kill":7,"stat.craftItem.minecraft.stone_sword":1,"stat.craftItem.astikorcarts.cargocart":1,"stat.pickup.minecraft.brown_mushroom":19,"stat.mineBlock.minecraft.sand":9,"stat.pickup.spartanshields.shield_basic_stone":5,"stat.craftItem.realistictorches.matchbox":1,"stat.craftItem.spartanshields.shield_basic_wood":2,"stat.useItem.minecraft.iron_pickaxe":237,"stat.pickup.minecraft.double_plant":2,"stat.useItem.notreepunching.knife/flint":20,"banshee.kill":1,"stat.furnaceInteraction":27,"stat.craftItem.spartanweaponry.material":2,"stat.killEntity.ZombieVillager":2,"stat.pickup.realistictorches.torch_unlit":18,"stat.craftItem.realistictorches.torch_lit":57,"stat.useItem.realistictorches.torch_unlit":4,"stat.pickup.lycanitesmobs.spectralboltcharge":9,"stat.pickup.minecraft.hay_block":4,"stat.pickup.minecraft.iron_chestplate":13,"stat.useItem.spartanweaponry.saber_iron":138,"stat.pickup.realistictorches.torch_lit":15,"stat.mineBlock.minecraft.fence":3,"stat.useItem.astikorcarts.cargocart":1,"stat.pickup.minecraft.pumpkin_seeds":8,"stat.pickup.foodexpansion.itemsquid":16,"stat.pickup.dynamictrees.oakseed":3,"stat.pickup.lycanitesmobs.raw_krake_meat":13,"stat.pickup.lycanitesmobs.raw_chupacabra_meat":12,"stat.deaths":49,"stat.playOneMinute":324155,"stat.craftItem.minecraft.iron_pickaxe":2,"stat.craftItem.lycanitesmobs.aviantreat":8,"stat.pickup.realistictorches.matchbox":7,"stat.pickup.minecraft.iron_bars":3,"stat.mineBlock.minecraft.tallgrass":24,"stat.craftItem.minecraft.cooked_mutton":7,"stat.pickup.minecraft.cooked_mutton":7,"stat.chestOpened":179,"stat.craftItem.roughtweaks.plaster":1,"stat.useItem.minecraft.stone":20,"stat.pickup.minecraft.arrow":8,"stat.mineBlock.minecraft.gold_block":1,"stat.craftItem.minecraft.iron_nugget":45,"stat.fallOneCm":82143,"stat.pickup.minecraft.melon_seeds":18,"stat.crouchOneCm":65093,"stat.craftItem.minecraft.iron_ingot":90,"stat.craftItem.minecraft.chest":4,"stat.pickup.minecraft.red_mushroom":35,"stat.craftingTableInteraction":51,"jengu.kill":1,"stat.pickup.minecraft.feather":25,"stat.useItem.minecraft.reeds":22,"stat.pickup.antiqueatlas.antique_atlas":3,"stat.pickup.minecraft.dye":55,"stat.pickup.minecraft.planks":101,"chupacabra.kill":2,"stat.pickup.minecraft.iron_leggings":14,"stat.pickup.minecraft.wheat_seeds":8,"stat.mineBlock.minecraft.gravel":15,"stat.useItem.minecraft.stone_pickaxe":106,"stat.useItem.minecraft.stone_sword":102,"stat.mineBlock.minecraft.dirt":30,"arisaur.kill":5,"stat.pickup.lycanitesmobs.raw_silex_meat":30,"stat.useItem.minecraft.torch":8,"stat.useItem.minecraft.bread":1,"stat.pickup.minecraft.golden_apple":6,"stat.useItem.minecraft.log":28,"stat.pickup.minecraft.crafting_table":1,"stat.craftItem.minecraft.crafting_table":2,"stat.useItem.lycanitesmobs.cooked_krake_meat":1,"stat.craftItem.minecraft.boat":1,"stat.pickup.minecraft.log":108,"stat.pickup.minecraft.compass":9,"stat.pickup.minecraft.iron_pickaxe":19,"stat.craftItem.spartanweaponry.saber_iron":1,"stat.craftItem.realistictorches.torch_unlit":120,"stat.craftItem.minecraft.gold_ingot":12,"stat.pickup.minecraft.wooden_door":1,"stat.craftItem.iceandfire.bestiary":1,"stat.pickup.notreepunching.flint_shard":2,"stat.pickup.traverse.fir_planks":66,"stat.pickup.roughtweaks.salve":1,"stat.craftItem.minecraft.bucket":1,"stat.itemEnchanted":2,"stat.pickup.minecraft.stone_sword":8,"stat.pickup.spartanweaponry.longbow_bronze":2,"stat.craftItem.notreepunching.axe/flint":1,"stat.craftItem.minecraft.paper":6,"stat.sneakTime":20661,"stat.pickup.minecraft.wool":79,"ent.kill":2,"stat.craftItem.notreepunching.knife/flint":1,"stat.craftItem.minecraft.cobblestone":52,"stat.cakeSlicesEaten":5,"stat.pickup.minecraft.bone":106,"stat.pickup.minecraft.stone_pickaxe":10,"raiko.kill":2,"stat.pickup.minecraft.flint":12,"stat.mineBlock.minecraft.brown_mushroom":1,"stat.craftItem.notreepunching.grass_string":4,"stat.swimOneCm":45235,"stat.climbOneCm":4366,"stat.pickup.minecraft.enchanted_book":3,"stat.pickup.spartanshields.shield_basic_iron":13,"stat.pickup.minecraft.cooked_porkchop":34,"stat.pickup.lycanitesmobs.eechetikarm":3,"stat.useItem.minecraft.dirt":30,"stat.useItem.minecraft.cookie":3,"stat.useItem.minecraft.stone_slab2":14,"stat.pickup.minecraft.bow":4,"stat.pickup.minecraft.iron_boots":13,"stat.craftItem.spartanshields.shield_basic_iron":2,"stat.craftItem.spartanweaponry.crossbow_iron":1,"stat.craftItem.minecraft.stone_pickaxe":1,"stat.pickup.minecraft.cobblestone":121,"stat.craftItem.minecraft.bow":1,"stat.pickup.minecraft.gold_block":1,"stat.flyOneCm":3133833,"stat.pickup.minecraft.soul_sand":21,"stat.useItem.minecraft.cooked_beef":2,"stat.craftItem.minecraft.wooden_slab":6,"stat.mineBlock.minecraft.iron_ore":88,"stat.timeSinceDeath":7714,"stat.mineBlock.rustic.cohosh":1,"stat.pickup.minecraft.mutton":110,"krake.kill":3,"stat.useItem.minecraft.cooked_porkchop":3,"stat.mineBlock.minecraft.coal_ore":110,"stat.killEntity.Creeper":1,"stat.talkedToVillager":6,"stat.craftItem.lycanitesmobs.cooked_krake_meat":2,"stat.pickup.minecraft.string":20,"stat.craftItem.minecraft.stone_slab2":0,"stat.useItem.realistictorches.torch_lit":10,"stat.pickup.lycanitesmobs.raw_arisaur_meat":33,"stat.killEntity.Squid":2,"stat.sprintOneCm":673909,"stat.craftItem.spartanweaponry.bolt":32,"stat.useItem.carryon.tile_item":5,"stat.waystones:waystonesActivated":1,"stat.craftItem.lycanitesmobs.cooked_arisaur_meat":6,"stat.entityKilledBy.Creeper":2,"stat.killEntity.Sheep":14,"stat.pickup.minecraft.slime_ball":23,"stat.useItem.mujmajnkraftsbettersurvival.itemstonespear":2,"stat.killEntity.Zombie":11,"stat.mineBlock.minecraft.gold_ore":3,"stat.diveOneCm":166273,"stat.entityKilledBy.seaserpent":3,"stat.pickup.minecraft.gravel":13,"stat.pickup.minecraft.stone_axe":16,"stat.pickup.roughtweaks.bandage":2,"stat.pickup.simpledifficulty.purified_water_bottle":18,"stat.pickup.minecraft.obsidian":6,"stat.pickup.simpledifficulty.iron_canteen":3,"stat.pickup.minecraft.diamond_sword":2,"stat.useItem.traverse.fir_log":15,"stat.jump":3235,"stat.pickup.minecraft.fence":3,"stat.pickup.minecraft.coal":283,"stat.pickup.minecraft.iron_helmet":14,"stat.pickup.scalinghealth.crystalshard":8,"stat.useItem.minecraft.stone_axe":69,"stat.useItem.notreepunching.axe/flint":24,"stat.craftItem.minecraft.bread":12,"stat.pickup.minecraft.gunpowder":2,"stat.pickup.minecraft.spider_eye":21,"stat.pickup.minecraft.dirt":85,"stat.craftItem.minecraft.iron_helmet":1,"stat.pickup.minecraft.iron_ore":142,"roc.kill":9,"stat.pickup.lycanitesmobs.poisongland":12,"stat.boatOneCm":51775,"stat.mineBlock.minecraft.iron_bars":3,"reaper.kill":2,"stat.pickup.minecraft.gold_ore":3,"stat.mineBlock.minecraft.glass_pane":3,"stat.pickup.lycanitesmobs.halloweentreat":2,"stat.damageTaken":15413,"stat.pickup.minecraft.leather":5,"stat.pickup.notreepunching.rock/stone":1082,"stat.mineBlock.minecraft.torch":1,"stat.useItem.lycanitesmobs.cooked_arisaur_meat":6,"stat.pickup.minecraft.reeds":27,"stat.pickup.familiarfauna.turkey_leg_raw":6,"stat.entityKilledBy.Zombie":3,"stat.damageDealt":16660,"stat.pickup.spartanweaponry.saber_iron":4,"stat.sleepInBed":3,"stat.entityKilledBy.if_cockatrice":1,"stat.pickup.minecraft.boat":1,"geonach.kill":3,"stat.walkOneCm":665078,"lurker.kill":2,"stat.useItem.minecraft.chest":1,"stat.pickup.dynamictrees.birchseed":2,"stat.pickup.minecraft.stick":193,"argus.kill":1,"stat.pickup.minecraft.clay_ball":19,"stat.craftItem.firstaid.plaster":2,"stat.pickup.lycanitesmobs.quillcharge":14,"stat.pickup.traverse.fir_log":325,"stat.craftItem.minecraft.wheat":36,"stat.pickup.notreepunching.grass_fiber":13,"stat.pickup.minecraft.stone":42,"stat.craftItem.lycanitesmobs.cooked_silex_meat":12,"stat.mineBlock.scalinghealth.crystalore":1,"stat.killEntity.familiarfauna.turkey":1,"quillbeast.kill":1,"stat.pickup.minecraft.air":0,"stat.pickup.minecraft.cooked_beef":14,"stat.pickup.minecraft.gold_ingot":3,"stat.killEntity.Skeleton":4,"stat.pickup.lycanitesmobs.cooked_arisaur_meat":6,"stat.killEntity.familiarfauna.butterfly":1,"stat.killEntity.Spider":7,"stat.pickup.minecraft.bread":468,"stat.mobKills":95,"stat.pickup.minecraft.quartz":36,"stat.useItem.minecraft.golden_apple":9,"stat.useItem.minecraft.boat":2,"stat.pickup.minecraft.water_bucket":11,"stat.pickup.minecraft.diamond":4,"stat.pickup.minecraft.torch":71,"stat.mineBlock.minecraft.hay_block":4,"stat.useItem.spartanweaponry.throwing_knife_bronze":72,"stat.mineBlock.minecraft.stone":87}