{"stat.chestOpened":12,"stat.cakeSlicesEaten":5,"stat.entityKilledBy.seaserpent":2,"stat.walkOneCm":118868,"stat.pickup.minecraft.bone":1,"stat.pickup.minecraft.stick":5,"stat.useItem.notreepunching.knife/flint":20,"stat.pickup.minecraft.gravel":13,"stat.useItem.minecraft.log":4,"stat.pickup.minecraft.flint":2,"stat.craftItem.minecraft.crafting_table":1,"raiko.kill":2,"stat.mineBlock.minecraft.brown_mushroom":1,"stat.talkedToVillager":6,"stat.pickup.minecraft.log":7,"stat.craftItem.notreepunching.grass_string":4,"stat.jump":834,"stat.swimOneCm":13662,"stat.fallOneCm":20062,"stat.pickup.notreepunching.grass_fiber":13,"stat.useItem.minecraft.planks":2,"stat.climbOneCm":3988,"stat.useItem.notreepunching.axe/flint":24,"stat.crouchOneCm":21806,"stat.pickup.minecraft.dirt":3,"stat.sprintOneCm":143234,"stat.useItem.minecraft.stone_slab2":4,"stat.craftItem.iceandfire.bestiary":1,"stat.craftingTableInteraction":3,"stat.pickup.notreepunching.flint_shard":2,"stat.pickup.minecraft.sand":1,"roc.kill":5,"stat.damageTaken":3586,"stat.pickup.minecraft.feather":3,"stat.pickup.notreepunching.rock/stone":68,"stat.craftItem.minecraft.stone_pickaxe":1,"stat.mobKills":7,"stat.pickup.dynamictrees.oakseed":1,"stat.pickup.lycanitesmobs.raw_krake_meat":2,"stat.entityKilledBy.Creeper":1,"stat.pickup.minecraft.planks":7,"stat.flyOneCm":193827,"stat.deaths":15,"stat.pickup.minecraft.brown_mushroom":1,"stat.craftItem.notreepunching.axe/flint":1,"stat.mineBlock.minecraft.sand":1,"stat.playOneMinute":46821,"stat.mineBlock.minecraft.gravel":15,"stat.useItem.minecraft.stone_pickaxe":27,"stat.sneakTime":5567,"stat.damageDealt":1004,"stat.timeSinceDeath":1086,"stat.craftItem.notreepunching.knife/flint":1,"stat.mineBlock.minecraft.dirt":4,"stat.craftItem.minecraft.cobblestone":14,"stat.mineBlock.minecraft.stone":12,"stat.entityKilledBy.if_cockatrice":1,"stat.mineBlock.minecraft.tallgrass":19,"stat.diveOneCm":59309}