{"stat.chestOpened":7,"stat.cakeSlicesEaten":5,"stat.entityKilledBy.seaserpent":1,"stat.walkOneCm":66724,"stat.pickup.minecraft.bone":1,"stat.pickup.minecraft.stick":5,"stat.useItem.notreepunching.knife/flint":20,"stat.pickup.minecraft.gravel":1,"stat.useItem.minecraft.log":4,"stat.pickup.minecraft.flint":1,"stat.craftItem.minecraft.crafting_table":1,"raiko.kill":1,"stat.mineBlock.minecraft.brown_mushroom":1,"stat.talkedToVillager":4,"stat.pickup.minecraft.log":7,"stat.craftItem.notreepunching.grass_string":4,"stat.jump":515,"stat.swimOneCm":9986,"stat.fallOneCm":14429,"stat.pickup.notreepunching.grass_fiber":13,"stat.useItem.minecraft.planks":2,"stat.climbOneCm":3456,"stat.useItem.notreepunching.axe/flint":24,"stat.crouchOneCm":20564,"stat.pickup.minecraft.dirt":1,"stat.sprintOneCm":92089,"stat.useItem.minecraft.stone_slab2":4,"stat.craftItem.iceandfire.bestiary":1,"stat.craftingTableInteraction":3,"stat.pickup.notreepunching.flint_shard":2,"roc.kill":4,"stat.damageTaken":2956,"stat.pickup.minecraft.feather":3,"stat.pickup.notreepunching.rock/stone":55,"stat.craftItem.minecraft.stone_pickaxe":1,"stat.mobKills":5,"stat.pickup.dynamictrees.oakseed":1,"stat.pickup.lycanitesmobs.raw_krake_meat":2,"stat.entityKilledBy.Creeper":1,"stat.pickup.minecraft.planks":7,"stat.flyOneCm":131898,"stat.deaths":11,"stat.pickup.minecraft.brown_mushroom":1,"stat.craftItem.notreepunching.axe/flint":1,"stat.playOneMinute":34221,"stat.mineBlock.minecraft.gravel":2,"stat.useItem.minecraft.stone_pickaxe":27,"stat.sneakTime":4852,"stat.damageDealt":742,"stat.timeSinceDeath":9170,"stat.craftItem.notreepunching.knife/flint":1,"stat.mineBlock.minecraft.dirt":1,"stat.craftItem.minecraft.cobblestone":13,"stat.mineBlock.minecraft.stone":12,"stat.entityKilledBy.if_cockatrice":1,"stat.mineBlock.minecraft.tallgrass":19,"stat.diveOneCm":41673}