{"pixen.kill":4,"stat.pickup.minecraft.wooden_slab":9,"stat.pickup.lycanitesmobs.chaosorbcharge":16,"stat.leaveGame":1,"stat.pickup.lycanitesmobs.raw_ika_meat":2,"darkling.kill":1,"stat.useItem.realistictorches.matchbox":2,"stat.pickup.lycanitesmobs.cooked_krake_meat":5,"stat.killEntity.trumpetskeleton.TrumpetSkeleton":3,"stat.useItem.minecraft.planks":23,"stat.pickup.minecraft.glowstone_dust":24,"stat.useItem.minecraft.water_bucket":20,"stat.mineBlock.minecraft.stone_brick_stairs":1,"stat.pickup.lycanitesmobs.bloodleechcharge":3,"stat.pickup.minecraft.rotten_flesh":53,"silex.kill":8,"stat.pickup.minecraft.sand":8,"stat.craftItem.minecraft.golden_apple":1,"warg.kill":1,"stat.pickup.dttraverse.firseed":2,"stat.craftItem.astikorcarts.wheel":2,"stat.craftItem.minecraft.stone_axe":2,"stat.useItem.traverse.fir_planks":13,"stat.pickup.minecraft.name_tag":1,"stat.pickup.lycanitesmobs.hellfireballcharge":14,"stat.pickup.iceandfire.sea_serpent_scales_deepblue":39,"stat.mineBlock.minecraft.wooden_slab":1,"stat.pickup.minecraft.activator_rail":2,"stat.pickup.lycanitesmobs.aquapulsecharge":12,"eechetik.kill":9,"stat.craftItem.minecraft.stone_sword":1,"stat.craftItem.astikorcarts.cargocart":1,"stat.pickup.minecraft.brown_mushroom":30,"stat.mineBlock.minecraft.sand":9,"stat.pickup.spartanshields.shield_basic_stone":5,"stat.craftItem.realistictorches.matchbox":1,"stat.craftItem.spartanshields.shield_basic_wood":2,"stat.craftItem.minecraft.blaze_powder":8,"stat.craftItem.iceandfire.silver_ingot":10,"stat.useItem.minecraft.iron_pickaxe":554,"stat.craftItem.xat.glow_ring":1,"stat.pickup.minecraft.double_plant":2,"stat.mineBlock.traverse.fir_planks":3,"stat.useItem.notreepunching.knife/flint":20,"banshee.kill":1,"stat.craftItem.minecraft.golden_carrot":1,"stat.furnaceInteraction":38,"stat.pickup.spartanweaponry.crossbow_iron":5,"stat.craftItem.spartanweaponry.material":3,"stat.killEntity.ZombieVillager":2,"stat.pickup.realistictorches.torch_unlit":18,"stat.craftItem.realistictorches.torch_lit":57,"stat.pickup.quark.crystal":10,"stat.useItem.realistictorches.torch_unlit":4,"stat.pickup.minecraft.beef":9,"stat.pickup.lycanitesmobs.spectralboltcharge":16,"stat.pickup.minecraft.hay_block":4,"stat.pickup.minecraft.iron_chestplate":18,"stat.useItem.spartanweaponry.saber_iron":261,"stat.pickup.realistictorches.torch_lit":15,"stat.pickup.xat.glow_ring":4,"afrit.kill":1,"stat.mineBlock.minecraft.fence":5,"stat.useItem.astikorcarts.cargocart":1,"stat.pickup.minecraft.pumpkin_seeds":8,"stat.pickup.foodexpansion.itemsquid":16,"stat.pickup.lycanitesmobs.tricksterflarecharge":12,"stat.pickup.minecraft.emerald":20,"stat.pickup.dynamictrees.oakseed":3,"stat.mineBlock.quark.crystal":16,"stat.pickup.lycanitesmobs.raw_krake_meat":17,"stat.pickup.lycanitesmobs.raw_chupacabra_meat":33,"stat.deaths":54,"stat.playOneMinute":428555,"stat.pickup.minecraft.blaze_rod":7,"stat.craftItem.minecraft.iron_pickaxe":2,"stat.craftItem.lycanitesmobs.aviantreat":8,"stat.pickup.realistictorches.matchbox":7,"stat.pickup.minecraft.iron_bars":3,"stat.mineBlock.minecraft.tallgrass":24,"stat.craftItem.minecraft.cooked_mutton":7,"stat.pickup.minecraft.cooked_mutton":28,"stat.chestOpened":260,"stat.pickup.minecraft.pumpkin":12,"stat.craftItem.roughtweaks.plaster":1,"stat.pickup.corpsecomplex.scroll":3,"stat.useItem.minecraft.stone":27,"stat.pickup.minecraft.arrow":9,"stat.drop.minecraft.iron_pickaxe":1,"stat.mineBlock.minecraft.gold_block":1,"stat.craftItem.minecraft.iron_nugget":45,"stat.fallOneCm":103890,"stat.pickup.minecraft.melon_seeds":22,"stat.crouchOneCm":95027,"stat.pickup.minecraft.rail":12,"stat.craftItem.minecraft.iron_ingot":103,"stat.craftItem.minecraft.chest":10,"stat.pickup.minecraft.red_mushroom":49,"stat.craftingTableInteraction":68,"stat.pickup.iceandfire.silver_ore":10,"jengu.kill":1,"arix.kill":3,"stat.pickup.minecraft.feather":27,"stat.useItem.minecraft.reeds":22,"gnekk.kill":2,"stat.pickup.antiqueatlas.antique_atlas":5,"stat.pickup.minecraft.dye":83,"stat.pickup.minecraft.planks":103,"chupacabra.kill":9,"stat.pickup.minecraft.iron_leggings":18,"stat.pickup.minecraft.wheat_seeds":8,"stat.mineBlock.minecraft.gravel":16,"stat.useItem.minecraft.stone_pickaxe":106,"stat.useItem.minecraft.stone_sword":102,"stat.mineBlock.minecraft.dirt":32,"arisaur.kill":5,"stat.pickup.lycanitesmobs.raw_silex_meat":30,"stat.useItem.minecraft.torch":59,"stat.useItem.minecraft.bread":1,"stat.pickup.minecraft.golden_apple":53,"stat.pickup.minecraft.iron_nugget":14,"stat.mineBlock.iceandfire.silver_ore":11,"stat.useItem.minecraft.log":28,"stat.pickup.minecraft.crafting_table":1,"stat.useItem.minecraft.cobblestone":66,"stat.craftItem.minecraft.crafting_table":2,"stat.useItem.lycanitesmobs.cooked_krake_meat":1,"stat.craftItem.minecraft.boat":1,"tpumpkyn.kill":2,"stat.mineBlock.minecraft.emerald_ore":6,"stat.pickup.minecraft.log":129,"stat.pickup.minecraft.compass":10,"stat.pickup.minecraft.iron_pickaxe":25,"stat.craftItem.spartanweaponry.saber_iron":1,"stat.craftItem.realistictorches.torch_unlit":120,"stat.craftItem.minecraft.gold_ingot":23,"stat.pickup.minecraft.wooden_door":1,"stat.craftItem.iceandfire.bestiary":1,"stat.pickup.notreepunching.flint_shard":2,"stat.pickup.traverse.fir_planks":104,"stat.pickup.roughtweaks.salve":1,"stat.craftItem.minecraft.bucket":1,"stat.itemEnchanted":6,"stat.craftItem.lycanitesmobs.cooked_chupacabra_meat":6,"stat.pickup.minecraft.stone_sword":8,"stat.pickup.spartanweaponry.longbow_bronze":2,"stat.craftItem.xat.glowing_ingot":1,"stat.craftItem.notreepunching.axe/flint":1,"stat.craftItem.minecraft.paper":6,"stat.sneakTime":30383,"stat.pickup.minecraft.wool":85,"stat.pickup.minecraft.rabbit":3,"ent.kill":7,"stat.craftItem.notreepunching.knife/flint":1,"stat.craftItem.minecraft.cobblestone":139,"stat.cakeSlicesEaten":5,"stat.pickup.minecraft.bone":114,"stat.mineBlock.minecraft.cobblestone":4,"stat.pickup.minecraft.stone_pickaxe":10,"raiko.kill":2,"stat.pickup.minecraft.flint":12,"stat.mineBlock.minecraft.brown_mushroom":1,"stat.craftItem.notreepunching.grass_string":4,"stat.mineBlock.charm.crate_sealed":2,"stat.swimOneCm":55544,"stat.climbOneCm":4366,"stat.pickup.minecraft.enchanted_book":3,"stat.pickup.spartanshields.shield_basic_iron":18,"stat.pickup.minecraft.cooked_porkchop":34,"stat.pickup.lycanitesmobs.eechetikarm":3,"stat.useItem.minecraft.dirt":30,"stat.useItem.minecraft.cookie":3,"stat.useItem.minecraft.stone_slab2":27,"stat.pickup.minecraft.bow":4,"stat.pickup.minecraft.iron_boots":18,"stat.craftItem.spartanshields.shield_basic_iron":2,"stat.craftItem.spartanweaponry.crossbow_iron":1,"stat.craftItem.minecraft.stone_pickaxe":1,"stat.pickup.minecraft.cobblestone":187,"stat.craftItem.minecraft.bow":1,"stat.pickup.minecraft.gold_block":1,"stat.flyOneCm":3371127,"stat.pickup.minecraft.soul_sand":21,"stat.pickup.minecraft.glass_bottle":2,"stat.useItem.minecraft.cooked_beef":2,"stat.craftItem.minecraft.wooden_slab":6,"stat.mineBlock.minecraft.iron_ore":118,"stat.timeSinceDeath":2532,"stat.mineBlock.rustic.cohosh":1,"stat.pickup.minecraft.mutton":113,"stat.craftItem.minecraft.iron_block":3,"stat.useItem.quark.crystal":1,"krake.kill":4,"stat.useItem.minecraft.cooked_porkchop":3,"stat.mineBlock.minecraft.coal_ore":169,"stat.killEntity.Creeper":3,"stat.talkedToVillager":6,"stat.pickup.iceandfire.sea_serpent_fang":8,"stat.craftItem.lycanitesmobs.cooked_krake_meat":2,"stat.useItem.spartanweaponry.crossbow_iron":96,"stat.pickup.minecraft.string":23,"stat.pickup.spartanweaponry.bolt":246,"grue.kill":3,"stat.pickup.lycanitesmobs.scorchfireballcharge":1,"stat.craftItem.minecraft.stone_slab2":0,"stat.useItem.realistictorches.torch_lit":10,"stat.pickup.lycanitesmobs.raw_arisaur_meat":33,"stat.killEntity.Squid":2,"stat.useItem.spartanweaponry.saber_diamond":160,"stat.sprintOneCm":816525,"stat.craftItem.spartanweaponry.bolt":124,"stat.useItem.carryon.tile_item":5,"stat.craftItem.spartanweaponry.saber_diamond":1,"stat.craftItem.minecraft.gold_nugget":18,"stat.mineBlock.minecraft.diamond_ore":8,"stat.waystones:waystonesActivated":1,"stat.craftItem.lycanitesmobs.cooked_arisaur_meat":6,"stat.entityKilledBy.Creeper":2,"stat.mineBlock.minecraft.planks":2,"stat.drop":1,"stat.pickup.lycanitesmobs.immunizer":1,"stat.killEntity.Sheep":14,"treant.kill":1,"stat.pickup.minecraft.slime_ball":40,"stat.useItem.mujmajnkraftsbettersurvival.itemstonespear":2,"stat.pickup.minecraft.iron_block":54,"stat.killEntity.Zombie":13,"stat.pickup.minecraft.snowball":4,"stat.mineBlock.minecraft.gold_ore":28,"stat.diveOneCm":185000,"stat.entityKilledBy.seaserpent":3,"stat.pickup.minecraft.gravel":14,"stat.pickup.minecraft.stone_axe":18,"stat.pickup.roughtweaks.bandage":2,"stat.pickup.simpledifficulty.purified_water_bottle":18,"stat.pickup.minecraft.obsidian":18,"stat.pickup.simpledifficulty.iron_canteen":8,"stat.useItem.minecraft.potion":1,"stat.pickup.minecraft.diamond_sword":2,"stat.useItem.traverse.fir_log":27,"stat.jump":4301,"stat.pickup.minecraft.fence":5,"stat.pickup.minecraft.coal":401,"stat.pickup.minecraft.iron_helmet":19,"stat.pickup.scalinghealth.crystalshard":19,"stat.pickup.minecraft.iron_ingot":30,"stat.useItem.minecraft.stone_axe":74,"stat.useItem.notreepunching.axe/flint":24,"stat.craftItem.minecraft.bread":12,"stat.pickup.minecraft.gunpowder":4,"stat.pickup.minecraft.spider_eye":21,"stat.pickup.minecraft.dirt":86,"stat.craftItem.minecraft.iron_helmet":1,"stat.pickup.minecraft.iron_ore":199,"roc.kill":11,"stat.pickup.lycanitesmobs.poisongland":18,"stat.boatOneCm":51775,"stat.mineBlock.minecraft.iron_bars":3,"reaper.kill":4,"stat.pickup.minecraft.gold_ore":42,"stat.mineBlock.minecraft.lapis_ore":3,"stat.mineBlock.minecraft.glass_pane":3,"stat.pickup.lycanitesmobs.halloweentreat":9,"stat.damageTaken":19613,"stat.pickup.minecraft.leather":18,"stat.pickup.notreepunching.rock/stone":1485,"stat.mineBlock.minecraft.torch":1,"behemoth.kill":4,"stat.useItem.lycanitesmobs.cooked_arisaur_meat":6,"stat.pickup.minecraft.reeds":27,"stat.pickup.familiarfauna.turkey_leg_raw":6,"stat.entityKilledBy.Zombie":3,"volcan.kill":1,"stat.damageDealt":29247,"stat.pickup.spartanweaponry.saber_iron":6,"stat.sleepInBed":3,"stat.craftItem.minecraft.anvil":1,"stat.entityKilledBy.if_cockatrice":1,"stat.craftItem.minecraft.iron_sword":2,"stat.pickup.minecraft.boat":1,"geonach.kill":4,"stat.walkOneCm":886159,"stat.pickup.foodexpansion.itemcookedbatwing":3,"lurker.kill":3,"stat.useItem.minecraft.chest":4,"stat.pickup.dynamictrees.birchseed":2,"stat.pickup.minecraft.stick":222,"stat.pickup.spartanweaponry.saber_diamond":3,"argus.kill":2,"stat.pickup.minecraft.clay_ball":22,"stat.craftItem.firstaid.plaster":2,"stat.pickup.lycanitesmobs.quillcharge":14,"stat.pickup.traverse.fir_log":383,"stat.craftItem.minecraft.wheat":36,"epion.kill":1,"stat.pickup.notreepunching.grass_fiber":13,"stat.pickup.minecraft.stone":68,"stat.mineBlock.minecraft.wool":4,"stat.craftItem.lycanitesmobs.cooked_silex_meat":12,"stat.mineBlock.scalinghealth.crystalore":10,"stat.killEntity.familiarfauna.turkey":1,"stat.pickup.minecraft.ender_pearl":22,"quillbeast.kill":1,"stat.pickup.minecraft.air":0,"stat.pickup.minecraft.cooked_beef":16,"stat.pickup.minecraft.gold_ingot":8,"stat.killEntity.Skeleton":5,"stat.pickup.lycanitesmobs.cooked_arisaur_meat":6,"stat.killEntity.familiarfauna.butterfly":1,"stat.killEntity.Spider":7,"stat.pickup.minecraft.bread":470,"stat.mobKills":149,"stat.pickup.minecraft.quartz":40,"stat.pickup.lycanitesmobs.arixbrain":2,"stat.pickup.lycanitesmobs.icefireballcharge":6,"stat.useItem.minecraft.golden_apple":29,"stat.useItem.minecraft.boat":2,"stat.pickup.minecraft.water_bucket":16,"stat.pickup.minecraft.diamond":27,"stat.pickup.minecraft.beetroot_seeds":4,"stat.pickup.minecraft.torch":225,"spectre.kill":1,"stat.mineBlock.minecraft.hay_block":4,"stat.useItem.spartanweaponry.throwing_knife_bronze":72,"stat.mineBlock.minecraft.stone":220}