{"stat.chestOpened":55,"stat.cakeSlicesEaten":5,"stat.entityKilledBy.seaserpent":2,"stat.craftItem.roughtweaks.plaster":1,"stat.pickup.minecraft.bone":10,"stat.pickup.minecraft.wooden_slab":9,"stat.useItem.minecraft.stone":20,"stat.pickup.lycanitesmobs.chaosorbcharge":4,"stat.pickup.minecraft.gravel":13,"stat.pickup.minecraft.stone_pickaxe":10,"stat.pickup.minecraft.flint":12,"raiko.kill":2,"stat.pickup.minecraft.stone_axe":11,"stat.pickup.simpledifficulty.purified_water_bottle":18,"stat.pickup.minecraft.obsidian":4,"stat.mineBlock.minecraft.brown_mushroom":1,"stat.craftItem.notreepunching.grass_string":4,"stat.mineBlock.minecraft.gold_block":1,"stat.jump":1902,"stat.swimOneCm":19384,"stat.pickup.minecraft.fence":3,"stat.pickup.minecraft.coal":248,"stat.pickup.minecraft.iron_helmet":5,"stat.fallOneCm":43883,"stat.useItem.minecraft.planks":14,"stat.climbOneCm":4173,"stat.pickup.spartanshields.shield_basic_iron":6,"stat.pickup.minecraft.cooked_porkchop":24,"stat.useItem.minecraft.stone_axe":69,"stat.useItem.notreepunching.axe/flint":24,"stat.craftItem.minecraft.bread":12,"stat.crouchOneCm":50933,"stat.pickup.minecraft.spider_eye":20,"stat.craftItem.minecraft.iron_ingot":90,"stat.craftItem.minecraft.chest":2,"stat.pickup.minecraft.dirt":79,"stat.useItem.minecraft.cookie":3,"stat.useItem.minecraft.dirt":30,"stat.pickup.lycanitesmobs.eechetikarm":1,"stat.craftItem.minecraft.iron_helmet":1,"stat.pickup.minecraft.red_mushroom":8,"stat.useItem.minecraft.stone_slab2":10,"stat.pickup.minecraft.bow":4,"stat.pickup.minecraft.iron_boots":6,"stat.useItem.minecraft.water_bucket":9,"stat.craftingTableInteraction":25,"stat.mineBlock.minecraft.stone_brick_stairs":1,"stat.pickup.minecraft.iron_ore":139,"stat.pickup.minecraft.rotten_flesh":38,"silex.kill":1,"stat.pickup.minecraft.sand":1,"stat.craftItem.minecraft.golden_apple":1,"roc.kill":6,"stat.pickup.lycanitesmobs.poisongland":6,"stat.mineBlock.minecraft.iron_bars":3,"reaper.kill":1,"stat.pickup.minecraft.gold_ore":3,"warg.kill":1,"stat.craftItem.minecraft.stone_axe":2,"stat.craftItem.spartanshields.shield_basic_iron":1,"stat.mineBlock.minecraft.glass_pane":3,"stat.pickup.minecraft.feather":5,"stat.damageTaken":9701,"stat.pickup.minecraft.leather":5,"stat.pickup.notreepunching.rock/stone":1078,"stat.craftItem.minecraft.stone_pickaxe":1,"stat.mineBlock.minecraft.torch":1,"stat.pickup.minecraft.cobblestone":118,"stat.mineBlock.minecraft.wooden_slab":1,"stat.pickup.minecraft.gold_block":1,"stat.pickup.minecraft.dye":2,"stat.pickup.minecraft.planks":53,"chupacabra.kill":2,"eechetik.kill":3,"stat.pickup.minecraft.iron_leggings":6,"stat.craftItem.minecraft.stone_sword":1,"stat.flyOneCm":348957,"stat.pickup.minecraft.soul_sand":21,"stat.pickup.minecraft.brown_mushroom":9,"stat.mineBlock.minecraft.sand":1,"stat.pickup.spartanshields.shield_basic_stone":5,"stat.entityKilledBy.Zombie":1,"stat.mineBlock.minecraft.gravel":15,"stat.useItem.minecraft.stone_pickaxe":106,"stat.useItem.minecraft.cooked_beef":2,"stat.craftItem.minecraft.wooden_slab":6,"stat.useItem.minecraft.stone_sword":70,"stat.damageDealt":8753,"stat.craftItem.realistictorches.matchbox":1,"stat.mineBlock.minecraft.iron_ore":85,"stat.sleepInBed":1,"stat.timeSinceDeath":2029,"stat.craftItem.spartanshields.shield_basic_wood":1,"stat.mineBlock.minecraft.dirt":30,"stat.useItem.minecraft.iron_pickaxe":214,"arisaur.kill":2,"stat.entityKilledBy.if_cockatrice":1,"stat.pickup.minecraft.mutton":58,"stat.pickup.lycanitesmobs.raw_silex_meat":4,"geonach.kill":3,"stat.walkOneCm":411244,"stat.useItem.minecraft.torch":8,"stat.useItem.minecraft.bread":1,"stat.pickup.minecraft.golden_apple":1,"stat.useItem.minecraft.chest":1,"stat.pickup.minecraft.stick":92,"stat.useItem.notreepunching.knife/flint":20,"stat.useItem.minecraft.log":15,"argus.kill":1,"stat.pickup.minecraft.clay_ball":15,"banshee.kill":1,"stat.craftItem.minecraft.crafting_table":1,"stat.furnaceInteraction":17,"krake.kill":2,"stat.useItem.minecraft.cooked_porkchop":1,"stat.mineBlock.minecraft.coal_ore":92,"stat.talkedToVillager":6,"stat.pickup.realistictorches.torch_unlit":18,"stat.pickup.lycanitesmobs.quillcharge":14,"stat.craftItem.realistictorches.torch_lit":57,"stat.pickup.minecraft.log":58,"stat.pickup.minecraft.string":2,"stat.useItem.realistictorches.torch_unlit":4,"stat.pickup.minecraft.compass":6,"stat.craftItem.minecraft.wheat":36,"stat.pickup.notreepunching.grass_fiber":13,"stat.pickup.minecraft.iron_pickaxe":10,"stat.craftItem.realistictorches.torch_unlit":60,"stat.pickup.lycanitesmobs.spectralboltcharge":3,"stat.craftItem.minecraft.stone_slab2":0,"stat.useItem.realistictorches.torch_lit":10,"stat.craftItem.minecraft.gold_ingot":9,"stat.pickup.minecraft.hay_block":4,"stat.pickup.minecraft.stone":42,"stat.pickup.lycanitesmobs.raw_arisaur_meat":12,"stat.killEntity.Squid":1,"quillbeast.kill":1,"stat.sprintOneCm":415083,"stat.pickup.minecraft.wooden_door":1,"stat.pickup.minecraft.iron_chestplate":5,"stat.pickup.minecraft.cooked_beef":8,"stat.craftItem.iceandfire.bestiary":1,"stat.pickup.notreepunching.flint_shard":2,"stat.killEntity.Skeleton":1,"stat.pickup.roughtweaks.salve":1,"stat.pickup.realistictorches.torch_lit":15,"stat.mineBlock.minecraft.fence":3,"stat.killEntity.Spider":4,"stat.pickup.minecraft.bread":468,"stat.pickup.minecraft.stone_sword":6,"stat.waystones:waystonesActivated":1,"stat.pickup.minecraft.pumpkin_seeds":8,"stat.pickup.foodexpansion.itemsquid":2,"stat.mobKills":48,"stat.pickup.dynamictrees.oakseed":3,"stat.pickup.lycanitesmobs.raw_krake_meat":7,"stat.pickup.minecraft.quartz":36,"stat.entityKilledBy.Creeper":1,"stat.useItem.minecraft.golden_apple":1,"stat.pickup.lycanitesmobs.raw_chupacabra_meat":12,"stat.deaths":37,"stat.pickup.minecraft.water_bucket":9,"stat.craftItem.notreepunching.axe/flint":1,"stat.craftItem.minecraft.paper":6,"stat.playOneMinute":135021,"stat.pickup.minecraft.torch":67,"stat.killEntity.Sheep":11,"stat.sneakTime":12632,"stat.pickup.minecraft.slime_ball":14,"stat.craftItem.minecraft.iron_pickaxe":2,"stat.pickup.minecraft.wool":72,"stat.useItem.mujmajnkraftsbettersurvival.itemstonespear":2,"stat.killEntity.Zombie":4,"stat.mineBlock.minecraft.hay_block":4,"stat.pickup.realistictorches.matchbox":7,"stat.pickup.minecraft.iron_bars":3,"stat.craftItem.notreepunching.knife/flint":1,"stat.craftItem.minecraft.cobblestone":52,"stat.mineBlock.minecraft.stone":86,"stat.mineBlock.minecraft.gold_ore":3,"stat.mineBlock.minecraft.tallgrass":21,"stat.diveOneCm":65842}