{"stat.chestOpened":20,"stat.cakeSlicesEaten":5,"stat.entityKilledBy.seaserpent":2,"stat.pickup.minecraft.bone":1,"stat.pickup.minecraft.gravel":13,"stat.pickup.minecraft.stone_pickaxe":2,"stat.pickup.minecraft.flint":6,"raiko.kill":2,"stat.pickup.minecraft.stone_axe":2,"stat.pickup.simpledifficulty.purified_water_bottle":6,"stat.mineBlock.minecraft.brown_mushroom":1,"stat.craftItem.notreepunching.grass_string":4,"stat.jump":1171,"stat.swimOneCm":16781,"stat.pickup.minecraft.fence":1,"stat.pickup.minecraft.coal":4,"stat.fallOneCm":28818,"stat.useItem.minecraft.planks":2,"stat.climbOneCm":3988,"stat.useItem.minecraft.stone_axe":17,"stat.useItem.notreepunching.axe/flint":24,"stat.craftItem.minecraft.bread":12,"stat.crouchOneCm":30386,"stat.pickup.minecraft.spider_eye":3,"stat.pickup.minecraft.dirt":50,"stat.useItem.minecraft.cookie":3,"stat.useItem.minecraft.dirt":11,"stat.pickup.lycanitesmobs.eechetikarm":1,"stat.useItem.minecraft.stone_slab2":4,"stat.pickup.minecraft.bow":2,"stat.useItem.minecraft.water_bucket":7,"stat.craftingTableInteraction":5,"stat.mineBlock.minecraft.stone_brick_stairs":1,"stat.pickup.minecraft.sand":1,"roc.kill":5,"stat.pickup.lycanitesmobs.poisongland":4,"stat.mineBlock.minecraft.iron_bars":1,"stat.craftItem.minecraft.stone_axe":1,"stat.mineBlock.minecraft.glass_pane":3,"stat.pickup.minecraft.feather":3,"stat.damageTaken":4540,"stat.pickup.notreepunching.rock/stone":97,"stat.craftItem.minecraft.stone_pickaxe":1,"stat.mineBlock.minecraft.wooden_slab":1,"stat.pickup.minecraft.planks":7,"eechetik.kill":1,"stat.flyOneCm":247638,"stat.pickup.minecraft.brown_mushroom":5,"stat.mineBlock.minecraft.sand":1,"stat.pickup.spartanshields.shield_basic_stone":2,"stat.mineBlock.minecraft.gravel":15,"stat.useItem.minecraft.stone_pickaxe":69,"stat.useItem.minecraft.cooked_beef":2,"stat.damageDealt":2215,"stat.sleepInBed":1,"stat.timeSinceDeath":3418,"stat.mineBlock.minecraft.dirt":28,"stat.entityKilledBy.if_cockatrice":1,"stat.pickup.minecraft.mutton":24,"stat.walkOneCm":203370,"stat.pickup.minecraft.stick":29,"stat.useItem.notreepunching.knife/flint":20,"stat.useItem.minecraft.log":4,"stat.pickup.minecraft.clay_ball":1,"stat.craftItem.minecraft.crafting_table":1,"krake.kill":1,"stat.mineBlock.minecraft.coal_ore":5,"stat.talkedToVillager":6,"stat.pickup.minecraft.log":13,"stat.pickup.minecraft.compass":1,"stat.craftItem.minecraft.wheat":36,"stat.pickup.notreepunching.grass_fiber":13,"stat.pickup.minecraft.hay_block":4,"stat.sprintOneCm":244356,"stat.pickup.minecraft.cooked_beef":4,"stat.craftItem.iceandfire.bestiary":1,"stat.pickup.notreepunching.flint_shard":2,"stat.mineBlock.minecraft.fence":1,"stat.killEntity.Spider":1,"stat.pickup.minecraft.bread":24,"stat.waystones:waystonesActivated":1,"stat.mobKills":17,"stat.pickup.dynamictrees.oakseed":1,"stat.pickup.lycanitesmobs.raw_krake_meat":3,"stat.entityKilledBy.Creeper":1,"stat.deaths":17,"stat.pickup.minecraft.water_bucket":2,"stat.craftItem.notreepunching.axe/flint":1,"stat.playOneMinute":72021,"stat.pickup.minecraft.torch":18,"stat.killEntity.Sheep":6,"stat.sneakTime":7240,"stat.pickup.minecraft.slime_ball":2,"stat.pickup.minecraft.wool":15,"stat.useItem.mujmajnkraftsbettersurvival.itemstonespear":2,"stat.mineBlock.minecraft.hay_block":4,"stat.pickup.minecraft.iron_bars":1,"stat.craftItem.notreepunching.knife/flint":1,"stat.craftItem.minecraft.cobblestone":20,"stat.mineBlock.minecraft.stone":22,"stat.mineBlock.minecraft.tallgrass":20,"stat.diveOneCm":59309}