{"stat.killEntity.EntityHorse":23,"stat.craftItem.61":8,"stat.leaveGame":4,"stat.mineBlock.13":19,"stat.mineBlock.16":159,"stat.mineBlock.15":2,"stat.mineBlock.18":11,"stat.mineBlock.17":26,"stat.swimOneCm":158307,"stat.useItem.126":6,"stat.craftItem.333":1,"stat.climbOneCm":6646,"achievement.buildWorkBench":4,"stat.craftItem.325":1,"achievement.exploreAllBiomes":{"value":0,"progress":["Sunflower Plains","Desert M","Birch Forest","Roofed Forest","Beach","Mega Taiga Hills","Extreme Hills+","Namek","River","Ocean","Taiga","Mega Taiga","Swampland","Other World","Birch Forest Hills","Savanna Plateau","ForestHills","Flower Forest","Plains","TaigaHills","Other World type 4","DesertHills","Stone Beach","Other World type 3","Other World type 2","Forest","Desert","Extreme Hills","Savanna M","Dirty Stony","Savanna","Deep Ocean","Hell"]},"stat.mineBlock.12":2,"stat.craftItem.364":28,"stat.craftItem.366":19,"stat.mineBlock.4":22,"stat.mineBlock.3":14,"stat.mineBlock.1":438,"stat.killEntity.Enderman":1,"stat.flyOneCm":1138453,"stat.craftItem.351":20,"achievement.buildPickaxe":7,"stat.killEntity.Witch":1,"achievement.buildBetterPickaxe":5,"achievement.obtainCheese":1,"stat.mineBlock.126":2,"stat.killEntity.Bat":5,"stat.mineBlock.175":15,"stat.killEntity.Wolf":5,"stat.killEntity.Creeper":28,"achievement.buildSword":1,"achievement.mineWood":26,"stat.killEntity.Squid":63,"stat.craftItem.320":18,"stat.breakItem.274":1,"achievement.openInventory":498,"achievement.killEnemy":429,"achievement.buildFurnace":10,"stat.craftItem.58":2,"stat.deaths":4,"stat.drop":173,"stat.playOneMinute":621340,"stat.craftItem.50":32,"stat.killEntity.Sheep":390,"stat.killEntity.Zombie":49,"stat.diveOneCm":447407,"stat.useItem.61":37,"stat.breakItem.257":1,"stat.mineBlock.81":18,"stat.mineBlock.87":1,"stat.mineBlock.89":15,"stat.jump":9765,"stat.fallOneCm":1531977,"achievement.killCow":54,"stat.boatOneCm":71971,"stat.craftItem.5":100,"stat.damageTaken":5013180,"stat.mineBlock.61":35,"stat.useItem.48":7,"stat.useItem.50":27,"stat.damageDealt":100070,"stat.mineBlock.70":2,"stat.killEntity.Cow":121,"stat.killEntity.Pig":199,"stat.mineBlock.73":5,"stat.useItem.58":19,"stat.useItem.274":333,"stat.useItem.275":5,"stat.mineBlock.48":34,"stat.walkOneCm":4199484,"stat.useItem.278":234,"achievement.killDino":1,"stat.craftItem.259":1,"stat.mineBlock.58":19,"stat.craftItem.257":1,"stat.killEntity.Basalz":1,"stat.craftItem.126":12,"stat.mineBlock.50":3,"stat.useItem.35":7,"stat.mineBlock.56":3,"stat.mineBlock.24":1,"stat.killEntity.Skeleton":52,"stat.useItem.257":253,"stat.useItem.259":1,"stat.killEntity.Chicken":77,"stat.craftItem.280":36,"stat.killEntity.Spider":80,"stat.mobKills":1318,"stat.mineBlock.21":2,"achievement.collectDB":1,"stat.craftItem.272":1,"stat.mineBlock.35":3,"stat.craftItem.274":3,"stat.useItem.6":1,"stat.mineBlock.38":2,"stat.craftItem.275":1,"stat.mineBlock.37":2,"stat.craftItem.278":1,"stat.useItem.4":96,"stat.useItem.5":1,"stat.craftItem.270":2,"stat.craftItem.271":1,"stat.useItem.17":1,"stat.useItem.270":22,"stat.mineBlock.32":1,"stat.useItem.13":14,"stat.mineBlock.31":369,"stat.useItem.272":61,"stat.useItem.271":34}