{"stat.pickup.minecraft.bone":38,"stat.pickup.lycanitesmobs.chaosorbcharge":2,"darkling.kill":2,"stat.leaveGame":1,"stat.mineBlock.minecraft.cobblestone":2,"stat.pickup.minecraft.stone_pickaxe":8,"stat.pickup.minecraft.flint":8,"stat.mineBlock.minecraft.yellow_flower":1,"stat.killEntity.trumpetskeleton.TrumpetSkeleton":4,"stat.mineBlock.charm.crate_sealed":1,"stat.useItem.minecraft.mutton":2,"stat.swimOneCm":28236,"stat.climbOneCm":11610,"stat.pickup.spartanshields.shield_basic_iron":8,"stat.pickup.firstaid.bandage":56,"stat.pickup.foodexpansion.itemhorsemeat":14,"stat.mineBlock.quark.roots":1,"stat.useItem.minecraft.stone_slab2":25,"stat.pickup.minecraft.iron_boots":10,"stat.drop.minecraft.iron_sword":1,"stat.pickup.minecraft.rotten_flesh":42,"stat.pickup.minecraft.sand":8,"stat.craftItem.minecraft.furnace":1,"morock.kill":1,"stat.craftItem.minecraft.stone_axe":1,"stat.craftItem.minecraft.stone_pickaxe":2,"stat.pickup.spartanweaponry.greatsword_stone":4,"stat.pickup.minecraft.cobblestone":86,"stat.pickup.minecraft.diamond_hoe":3,"stat.pickup.lycanitesmobs.aquapulsecharge":8,"stat.craftItem.minecraft.stone_sword":2,"stat.flyOneCm":747955,"stat.pickup.minecraft.chainmail_chestplate":4,"stat.pickup.minecraft.brown_mushroom":3,"stat.pickup.spartanshields.shield_basic_stone":6,"wraamon.kill":4,"stat.useItem.minecraft.cooked_beef":2,"stat.mineBlock.minecraft.iron_ore":74,"stat.timeSinceDeath":3115,"stat.useItem.minecraft.iron_pickaxe":149,"stat.craftItem.minecraft.wooden_pickaxe":1,"stat.pickup.minecraft.mutton":2,"kobold.kill":2,"stat.pickup.minecraft.armor_stand":1,"stat.useItem.minecraft.potato":27,"stat.pickup.minecraft.chainmail_helmet":3,"stat.pickup.rustic.wildberries":3,"stat.furnaceInteraction":30,"stat.pickup.minecraft.iron_shovel":3,"stat.pickup.minecraft.trapdoor":1,"stat.killEntity.ZombieVillager":1,"stat.mineBlock.minecraft.coal_ore":304,"stat.killEntity.Creeper":3,"stat.pickup.realistictorches.torch_unlit":12,"stat.pickup.minecraft.wooden_sword":7,"necrovore.kill":1,"stat.drop.minecraft.red_flower":1,"stat.pickup.minecraft.string":15,"stat.pickup.minecraft.beef":10,"grue.kill":2,"stat.useItem.spartanweaponry.saber_stone":82,"stat.entityKilledBy.Skeleton":5,"stat.useItem.realistictorches.torch_lit":32,"stat.craftItem.minecraft.stone_slab2":0,"stat.pickup.spartanweaponry.saber_stone":6,"stat.pickup.minecraft.leather_helmet":4,"stat.sprintOneCm":614953,"stat.useItem.rustic.wildberries":1,"stat.pickup.minecraft.iron_chestplate":5,"stat.mineBlock.minecraft.stone_slab":12,"stat.useItem.minecraft.stone_slab":5,"stat.pickup.realistictorches.torch_lit":372,"stat.mineBlock.minecraft.diamond_ore":1,"stat.waystones:waystonesActivated":1,"stat.useItem.minecraft.carrot":29,"stat.pickup.minecraft.fermented_spider_eye":2,"stat.drop.rustic.wildberries":1,"stat.pickup.lycanitesmobs.raw_chupacabra_meat":20,"stat.deaths":46,"stat.mineBlock.minecraft.planks":4,"stat.pickup.lycanitesmobs.geistliver":6,"stat.drop":7,"stat.playOneMinute":161915,"stat.useItem.minecraft.wooden_sword":7,"stat.killEntity.Sheep":1,"stat.craftItem.minecraft.iron_pickaxe":1,"stat.killEntity.Zombie":9,"stat.pickup.minecraft.item_frame":1,"stat.pickup.minecraft.iron_bars":3,"stat.mineBlock.minecraft.tallgrass":17,"stat.diveOneCm":77799,"stat.pickup.minecraft.wheat":20,"stat.pickup.charm.crate":1,"stat.chestOpened":57,"stat.pickup.minecraft.gravel":15,"stat.pickup.minecraft.arrow":410,"stat.pickup.minecraft.iron_sword":8,"stat.pickup.minecraft.stone_axe":11,"stat.drop.minecraft.flint":3,"stat.pickup.minecraft.obsidian":20,"stat.pickup.simpledifficulty.iron_canteen":4,"stat.useItem.minecraft.rotten_flesh":3,"stat.jump":3537,"stat.pickup.minecraft.coal":828,"stat.pickup.minecraft.iron_helmet":5,"stat.fallOneCm":115607,"stat.pickup.minecraft.iron_ingot":53,"stat.pickup.foodexpansion.itemwolfmeat":20,"stat.pickup.minecraft.carrot":203,"stat.useItem.minecraft.stone_axe":25,"stat.crouchOneCm":46821,"stat.craftItem.minecraft.iron_ingot":39,"stat.pickup.minecraft.dirt":4,"stat.mineBlock.realistictorches.torch_lit":2,"stat.craftingTableInteraction":21,"stat.pickup.minecraft.iron_ore":318,"jengu.kill":1,"stat.mineBlock.minecraft.iron_bars":1,"stat.mineBlock.minecraft.glass_pane":1,"stat.mineBlock.minecraft.leaves2":6,"stat.pickup.minecraft.wooden_pickaxe":1,"stat.pickup.lycanitesmobs.halloweentreat":3,"stat.damageTaken":13111,"stat.pickup.minecraft.leather":29,"stat.pickup.notreepunching.rock/stone":294,"stat.mineBlock.minecraft.torch":1,"stat.mineBlock.minecraft.red_flower":1,"stat.useItem.minecraft.wooden_pickaxe":9,"stat.pickup.minecraft.prismarine_shard":6,"stat.useItem.spartanweaponry.greatsword_stone":35,"stat.craftItem.simpledifficulty.iron_canteen":1,"chupacabra.kill":5,"stat.pickup.minecraft.planks":63,"stat.pickup.minecraft.iron_leggings":5,"stat.pickup.minecraft.prismarine_crystals":3,"stat.pickup.minecraft.wheat_seeds":3,"stat.pickup.minecraft.potato":66,"stat.entityKilledBy.Zombie":1,"stat.mineBlock.minecraft.gravel":18,"stat.useItem.minecraft.stone_pickaxe":340,"stat.useItem.minecraft.stone_sword":120,"stat.damageDealt":11916,"stat.pickup.forgottenitems.crafting_rune":3,"stat.sleepInBed":1,"stat.craftItem.minecraft.baked_potato":39,"stat.killEntity.Cow":7,"stat.pickup.minecraft.chainmail_boots":4,"stat.pickup.minecraft.poisonous_potato":1,"geonach.kill":3,"stat.walkOneCm":439746,"stat.useItem.minecraft.torch":1,"stat.playerKills":1,"stat.pickup.minecraft.stick":86,"feradon.kill":1,"stat.useItem.minecraft.cobblestone":18,"stat.pickup.minecraft.iron_hoe":7,"stat.pickup.simpledifficulty.charcoal_filter":47,"stat.pickup.minecraft.log":32,"stat.pickup.minecraft.iron_pickaxe":9,"stat.craftItem.realistictorches.torch_unlit":8,"stat.pickup.minecraft.stone":13,"stat.pickup.minecraft.baked_potato":199,"stat.mineBlock.minecraft.wool":1,"stat.pickup.minecraft.chainmail_leggings":3,"stat.pickup.minecraft.ender_pearl":4,"stat.pickup.minecraft.cooked_beef":6,"stat.pickup.minecraft.apple":28,"stat.pickup.minecraft.chorus_fruit":2,"stat.killEntity.Skeleton":4,"stat.pickup.roughtweaks.salve":6,"stat.pickup.minecraft.stone_sword":8,"stat.mobKills":55,"stat.pickup.minecraft.quartz":13,"stat.pickup.minecraft.diamond":5,"stat.mineBlock.minecraft.leaves":2,"stat.pickup.minecraft.torch":8,"stat.pickup.minecraft.red_flower":1,"stat.sneakTime":13534,"stat.pickup.minecraft.wool":6,"stat.pickup.minecraft.rabbit":2,"ent.kill":1,"stat.drop.firstaid.bandage":1,"stat.useItem.minecraft.baked_potato":4,"stat.pickup.minecraft.stone_slab":24,"stat.mineBlock.minecraft.stone":84,"stat.craftItem.minecraft.cobblestone":33,"stat.useItem.minecraft.beetroot":3}