{"stat.chestOpened":14,"stat.pickup.minecraft.gravel":15,"stat.pickup.minecraft.arrow":229,"stat.pickup.minecraft.iron_sword":3,"stat.pickup.minecraft.stone_pickaxe":5,"stat.pickup.minecraft.flint":6,"stat.pickup.minecraft.stone_axe":5,"stat.mineBlock.minecraft.yellow_flower":1,"stat.killEntity.trumpetskeleton.TrumpetSkeleton":1,"stat.drop.minecraft.flint":3,"stat.pickup.minecraft.obsidian":6,"stat.useItem.minecraft.mutton":2,"stat.jump":845,"stat.swimOneCm":928,"stat.pickup.minecraft.coal":57,"stat.fallOneCm":19171,"stat.climbOneCm":7772,"stat.pickup.minecraft.iron_ingot":9,"stat.pickup.foodexpansion.itemwolfmeat":14,"stat.pickup.firstaid.bandage":30,"stat.pickup.minecraft.carrot":6,"stat.useItem.minecraft.stone_axe":7,"stat.pickup.foodexpansion.itemhorsemeat":10,"stat.crouchOneCm":4690,"stat.useItem.minecraft.stone_slab2":15,"stat.drop.minecraft.iron_sword":1,"stat.craftingTableInteraction":4,"stat.pickup.minecraft.rotten_flesh":4,"stat.craftItem.minecraft.stone_axe":1,"stat.damageTaken":1721,"stat.pickup.minecraft.leather":13,"stat.pickup.notreepunching.rock/stone":50,"stat.mineBlock.minecraft.torch":1,"stat.pickup.minecraft.cobblestone":22,"chupacabra.kill":1,"stat.craftItem.minecraft.stone_sword":1,"stat.flyOneCm":193631,"stat.pickup.minecraft.wheat_seeds":3,"stat.pickup.minecraft.brown_mushroom":2,"stat.mineBlock.minecraft.gravel":17,"stat.useItem.minecraft.stone_pickaxe":59,"wraamon.kill":1,"stat.useItem.minecraft.cooked_beef":1,"stat.useItem.minecraft.stone_sword":36,"stat.damageDealt":2229,"stat.sleepInBed":1,"stat.timeSinceDeath":1500,"stat.killEntity.Cow":7,"stat.pickup.minecraft.mutton":2,"stat.walkOneCm":114425,"stat.useItem.minecraft.torch":1,"stat.pickup.minecraft.stick":10,"stat.pickup.rustic.wildberries":1,"stat.furnaceInteraction":2,"stat.pickup.minecraft.iron_shovel":1,"stat.mineBlock.minecraft.coal_ore":35,"stat.pickup.minecraft.iron_hoe":4,"stat.killEntity.Creeper":1,"stat.pickup.minecraft.wooden_sword":5,"stat.drop.minecraft.red_flower":1,"stat.pickup.minecraft.log":32,"stat.pickup.minecraft.beef":10,"stat.entityKilledBy.Skeleton":2,"stat.useItem.realistictorches.torch_lit":4,"stat.pickup.minecraft.baked_potato":47,"stat.pickup.minecraft.leather_helmet":4,"stat.sprintOneCm":125568,"stat.useItem.rustic.wildberries":1,"stat.pickup.minecraft.iron_chestplate":1,"stat.pickup.minecraft.cooked_beef":4,"stat.pickup.minecraft.apple":28,"stat.pickup.roughtweaks.salve":4,"stat.pickup.realistictorches.torch_lit":8,"stat.pickup.minecraft.stone_sword":2,"stat.waystones:waystonesActivated":1,"stat.mobKills":14,"stat.drop.rustic.wildberries":1,"stat.pickup.lycanitesmobs.raw_chupacabra_meat":6,"stat.deaths":7,"stat.drop":6,"stat.playOneMinute":41283,"stat.useItem.minecraft.wooden_sword":7,"stat.pickup.minecraft.torch":7,"stat.killEntity.Sheep":1,"stat.pickup.minecraft.red_flower":1,"stat.sneakTime":1055,"stat.pickup.minecraft.wool":4,"stat.killEntity.Zombie":2,"stat.pickup.minecraft.item_frame":1,"stat.useItem.minecraft.baked_potato":1,"stat.mineBlock.minecraft.stone":15,"stat.craftItem.minecraft.cobblestone":10,"stat.mineBlock.minecraft.tallgrass":7,"stat.diveOneCm":1508,"stat.useItem.minecraft.beetroot":3,"stat.pickup.minecraft.wheat":12}