{"stat.chestOpened":14,"stat.walkOneCm":73907,"stat.pickup.minecraft.stick":10,"stat.pickup.minecraft.gravel":15,"stat.pickup.minecraft.arrow":57,"stat.pickup.minecraft.stone_pickaxe":2,"stat.furnaceInteraction":2,"stat.pickup.minecraft.flint":5,"stat.pickup.minecraft.stone_axe":1,"stat.pickup.minecraft.iron_shovel":1,"stat.killEntity.trumpetskeleton.TrumpetSkeleton":1,"stat.drop.minecraft.flint":3,"stat.mineBlock.minecraft.coal_ore":15,"stat.pickup.minecraft.iron_hoe":1,"stat.pickup.minecraft.wooden_sword":2,"stat.drop.minecraft.red_flower":1,"stat.pickup.minecraft.log":16,"stat.useItem.minecraft.mutton":2,"stat.jump":490,"stat.swimOneCm":928,"stat.pickup.minecraft.coal":18,"stat.fallOneCm":11626,"stat.climbOneCm":6120,"stat.pickup.minecraft.beef":10,"stat.pickup.foodexpansion.itemwolfmeat":4,"stat.pickup.firstaid.bandage":12,"stat.useItem.minecraft.stone_axe":2,"stat.pickup.foodexpansion.itemhorsemeat":4,"stat.crouchOneCm":2926,"stat.pickup.minecraft.baked_potato":16,"stat.pickup.minecraft.leather_helmet":1,"stat.sprintOneCm":62730,"stat.useItem.rustic.wildberries":1,"stat.useItem.minecraft.stone_slab2":15,"stat.pickup.minecraft.cooked_beef":1,"stat.pickup.minecraft.apple":7,"stat.craftingTableInteraction":4,"stat.pickup.roughtweaks.salve":2,"stat.craftItem.minecraft.stone_axe":1,"stat.damageTaken":772,"stat.pickup.minecraft.leather":8,"stat.pickup.notreepunching.rock/stone":44,"stat.waystones:waystonesActivated":1,"stat.mobKills":10,"stat.pickup.minecraft.cobblestone":5,"stat.craftItem.minecraft.stone_sword":1,"stat.flyOneCm":98235,"stat.deaths":2,"stat.drop":4,"stat.playOneMinute":28683,"stat.useItem.minecraft.wooden_sword":2,"stat.mineBlock.minecraft.gravel":17,"stat.killEntity.Sheep":1,"stat.useItem.minecraft.stone_pickaxe":37,"stat.pickup.minecraft.red_flower":1,"stat.useItem.minecraft.cooked_beef":1,"stat.sneakTime":657,"stat.useItem.minecraft.stone_sword":29,"stat.pickup.minecraft.wool":2,"stat.damageDealt":1292,"stat.killEntity.Zombie":1,"stat.sleepInBed":1,"stat.pickup.minecraft.item_frame":1,"stat.timeSinceDeath":2577,"stat.killEntity.Cow":7,"stat.mineBlock.minecraft.stone":13,"stat.craftItem.minecraft.cobblestone":10,"stat.mineBlock.minecraft.tallgrass":7,"stat.diveOneCm":1508,"stat.pickup.minecraft.mutton":2,"stat.useItem.minecraft.beetroot":3,"stat.pickup.minecraft.wheat":4}