{"stat.pickup.minecraft.bone":38,"stat.pickup.lycanitesmobs.chaosorbcharge":2,"darkling.kill":2,"stat.leaveGame":2,"stat.mineBlock.minecraft.cobblestone":14,"stat.pickup.minecraft.stone_pickaxe":8,"stat.pickup.minecraft.flint":8,"stat.mineBlock.minecraft.yellow_flower":1,"stat.pickup.notreepunching.rock/andesite":6,"stat.killEntity.trumpetskeleton.TrumpetSkeleton":5,"stat.mineBlock.charm.crate_sealed":1,"stat.useItem.minecraft.mutton":2,"stat.swimOneCm":47731,"stat.climbOneCm":12374,"stat.useItem.minecraft.planks":1,"stat.pickup.spartanshields.shield_basic_iron":13,"stat.pickup.firstaid.bandage":56,"stat.pickup.minecraft.porkchop":34,"stat.pickup.foodexpansion.itemhorsemeat":14,"stat.mineBlock.quark.roots":1,"stat.useItem.minecraft.stone_slab2":27,"stat.pickup.minecraft.iron_boots":15,"stat.drop.minecraft.iron_sword":1,"stat.pickup.minecraft.rotten_flesh":48,"stat.pickup.minecraft.sand":8,"stat.craftItem.minecraft.furnace":1,"morock.kill":1,"stat.craftItem.minecraft.stone_axe":1,"stat.craftItem.minecraft.iron_boots":1,"stat.craftItem.minecraft.stone_pickaxe":2,"stat.pickup.spartanweaponry.greatsword_stone":4,"stat.pickup.minecraft.cobblestone":223,"stat.pickup.minecraft.diamond_hoe":3,"stat.pickup.lycanitesmobs.aquapulsecharge":8,"stat.craftItem.minecraft.stone_sword":3,"stat.flyOneCm":1121098,"stat.pickup.minecraft.chainmail_chestplate":4,"stat.pickup.minecraft.brown_mushroom":3,"stat.drop.simpledifficulty.iron_canteen":1,"stat.pickup.spartanshields.shield_basic_stone":6,"wraamon.kill":4,"stat.useItem.minecraft.cooked_beef":2,"stat.pickup.quark.tallow":26,"stat.pickup.minecraft.redstone":3,"stat.mineBlock.minecraft.iron_ore":188,"stat.timeSinceDeath":0,"stat.useItem.minecraft.iron_pickaxe":317,"stat.craftItem.minecraft.wooden_pickaxe":1,"stat.pickup.minecraft.mutton":62,"kobold.kill":2,"stat.pickup.minecraft.armor_stand":1,"stat.trappedChestTriggered":1,"stat.useItem.minecraft.potato":27,"stat.pickup.minecraft.chainmail_helmet":3,"stat.pickup.rustic.wildberries":3,"stat.furnaceInteraction":37,"krake.kill":2,"stat.pickup.minecraft.iron_shovel":3,"stat.pickup.minecraft.trapdoor":1,"stat.killEntity.ZombieVillager":2,"stat.mineBlock.minecraft.coal_ore":319,"stat.killEntity.Creeper":5,"stat.pickup.realistictorches.torch_unlit":13,"stat.talkedToVillager":2,"stat.pickup.minecraft.wooden_sword":7,"necrovore.kill":1,"stat.drop.minecraft.red_flower":1,"stat.pickup.minecraft.string":17,"stat.pickup.minecraft.beef":24,"grue.kill":2,"stat.pickup.lycanitesmobs.scorchfireballcharge":4,"stat.useItem.spartanweaponry.saber_stone":82,"stat.entityKilledBy.Skeleton":5,"stat.useItem.realistictorches.torch_lit":62,"stat.craftItem.minecraft.stone_slab2":0,"stat.pickup.spartanweaponry.saber_stone":6,"stat.pickup.notreepunching.saw/iron":4,"stat.pickup.minecraft.leather_helmet":4,"stat.sprintOneCm":872431,"stat.useItem.rustic.wildberries":1,"stat.pickup.minecraft.iron_chestplate":11,"stat.entityKilledBy.myrmex_soldier":1,"stat.mineBlock.minecraft.stone_slab":12,"stat.useItem.minecraft.stone_slab":5,"stat.pickup.realistictorches.torch_lit":473,"stat.mineBlock.minecraft.diamond_ore":2,"afrit.kill":1,"stat.waystones:waystonesActivated":3,"stat.useItem.minecraft.carrot":29,"stat.pickup.minecraft.fermented_spider_eye":2,"stat.pickup.minecraft.emerald":4,"stat.drop.rustic.wildberries":1,"stat.pickup.lycanitesmobs.raw_krake_meat":12,"stat.pickup.lycanitesmobs.raw_chupacabra_meat":22,"stat.deaths":53,"stat.mineBlock.minecraft.planks":4,"stat.pickup.lycanitesmobs.geistliver":6,"stat.drop":8,"stat.playOneMinute":306788,"stat.useItem.minecraft.wooden_sword":7,"stat.killEntity.Sheep":14,"stat.craftItem.minecraft.iron_pickaxe":2,"stat.killEntity.Zombie":13,"stat.pickup.minecraft.item_frame":1,"stat.pickup.minecraft.iron_bars":3,"stat.mineBlock.minecraft.tallgrass":23,"stat.diveOneCm":98626,"stat.pickup.minecraft.wheat":20,"stat.pickup.charm.crate":3,"stat.chestOpened":88,"stat.pickup.minecraft.gravel":15,"stat.pickup.minecraft.arrow":415,"stat.pickup.minecraft.iron_sword":12,"clink.kill":1,"stat.pickup.minecraft.stone_axe":14,"stat.drop.minecraft.flint":3,"stat.pickup.minecraft.obsidian":20,"stat.pickup.simpledifficulty.iron_canteen":8,"stat.useItem.minecraft.rotten_flesh":3,"stat.jump":5364,"stat.pickup.minecraft.coal":849,"stat.pickup.minecraft.iron_helmet":10,"stat.pickup.minecraft.cooked_chicken":1,"stat.fallOneCm":175226,"stat.pickup.minecraft.iron_ingot":53,"stat.pickup.scalinghealth.crystalshard":3,"stat.pickup.foodexpansion.itemwolfmeat":20,"stat.pickup.minecraft.carrot":203,"stat.killEntity.defiledlands.scuttler":1,"stat.useItem.minecraft.stone_axe":30,"stat.pickup.minecraft.gunpowder":6,"stat.crouchOneCm":70442,"stat.craftItem.minecraft.iron_ingot":39,"stat.pickup.minecraft.dirt":4,"stat.craftItem.minecraft.iron_helmet":1,"stat.mineBlock.realistictorches.torch_lit":2,"stat.craftingTableInteraction":25,"stat.pickup.minecraft.iron_ore":560,"roc.kill":1,"jengu.kill":1,"stat.mineBlock.minecraft.iron_bars":1,"stat.mineBlock.minecraft.glass_pane":3,"stat.mineBlock.minecraft.leaves2":6,"stat.pickup.minecraft.wooden_pickaxe":1,"stat.pickup.lycanitesmobs.halloweentreat":19,"stat.damageTaken":15499,"stat.pickup.minecraft.leather":48,"stat.pickup.minecraft.feather":8,"stat.pickup.notreepunching.rock/stone":356,"stat.mineBlock.minecraft.torch":1,"stat.mineBlock.minecraft.red_flower":1,"stat.useItem.minecraft.wooden_pickaxe":9,"stat.pickup.minecraft.prismarine_shard":6,"stat.pickup.antiqueatlas.antique_atlas":3,"stat.useItem.spartanweaponry.greatsword_stone":35,"stat.craftItem.simpledifficulty.iron_canteen":1,"chupacabra.kill":6,"stat.pickup.minecraft.planks":130,"stat.pickup.minecraft.iron_leggings":10,"stat.pickup.minecraft.prismarine_crystals":3,"stat.pickup.minecraft.reeds":4,"stat.pickup.minecraft.wheat_seeds":3,"stat.pickup.minecraft.potato":66,"stat.entityKilledBy.Zombie":1,"stat.mineBlock.minecraft.gravel":18,"stat.useItem.minecraft.stone_pickaxe":340,"stat.useItem.minecraft.stone_sword":120,"stat.craftItem.minecraft.iron_leggings":1,"stat.damageDealt":17820,"stat.pickup.forgottenitems.crafting_rune":3,"stat.sleepInBed":1,"stat.craftItem.minecraft.baked_potato":103,"stat.killEntity.Cow":9,"stat.mineBlock.minecraft.dirt":2,"stat.killEntity.Pig":7,"stat.pickup.minecraft.chainmail_boots":4,"stat.pickup.minecraft.poisonous_potato":1,"geonach.kill":4,"stat.walkOneCm":594133,"stat.useItem.minecraft.torch":1,"stat.useItem.minecraft.bread":12,"lurker.kill":1,"stat.useItem.quark.custom_chest":1,"stat.playerKills":1,"stat.pickup.minecraft.stick":145,"feradon.kill":1,"stat.craftItem.quark.custom_chest":2,"stat.useItem.minecraft.cobblestone":61,"stat.craftItem.minecraft.crafting_table":1,"stat.pickup.minecraft.iron_hoe":7,"stat.pickup.simpledifficulty.charcoal_filter":76,"stat.mineBlock.minecraft.emerald_ore":4,"stat.pickup.minecraft.log":32,"stat.pickup.minecraft.iron_pickaxe":13,"stat.craftItem.realistictorches.torch_unlit":8,"stat.pickup.minecraft.stone":23,"stat.craftItem.minecraft.iron_chestplate":1,"stat.pickup.minecraft.baked_potato":239,"stat.mineBlock.minecraft.wool":1,"stat.pickup.minecraft.chicken":2,"stat.pickup.minecraft.chainmail_leggings":3,"stat.pickup.minecraft.ender_pearl":4,"stat.pickup.minecraft.cooked_beef":6,"stat.pickup.minecraft.apple":28,"stat.pickup.minecraft.chorus_fruit":2,"stat.killEntity.Skeleton":5,"stat.pickup.roughtweaks.salve":6,"stat.useItem.minecraft.iron_sword":104,"stat.killEntity.Chicken":1,"stat.killEntity.Spider":2,"stat.pickup.minecraft.stone_sword":8,"stat.pickup.minecraft.bread":72,"stat.mobKills":99,"stat.pickup.minecraft.quartz":19,"stat.pickup.minecraft.diamond":7,"stat.mineBlock.minecraft.leaves":9,"stat.pickup.minecraft.torch":9,"stat.pickup.minecraft.red_flower":1,"stat.sneakTime":20305,"stat.pickup.minecraft.wool":35,"stat.pickup.minecraft.rabbit":2,"ent.kill":1,"stat.drop.firstaid.bandage":1,"stat.useItem.minecraft.baked_potato":7,"stat.pickup.minecraft.cooked_fish":2,"stat.pickup.minecraft.stone_slab":24,"stat.mineBlock.minecraft.stone":101,"stat.craftItem.minecraft.cobblestone":41,"stat.useItem.minecraft.beetroot":3}