{"stat.chestOpened":14,"stat.pickup.minecraft.gravel":15,"stat.pickup.minecraft.arrow":229,"stat.pickup.minecraft.iron_sword":3,"stat.mineBlock.minecraft.cobblestone":2,"stat.pickup.minecraft.stone_pickaxe":5,"stat.pickup.minecraft.flint":6,"stat.pickup.minecraft.stone_axe":5,"stat.mineBlock.minecraft.yellow_flower":1,"stat.killEntity.trumpetskeleton.TrumpetSkeleton":1,"stat.drop.minecraft.flint":3,"stat.pickup.minecraft.obsidian":6,"stat.useItem.minecraft.mutton":2,"stat.jump":968,"stat.swimOneCm":928,"stat.pickup.minecraft.coal":170,"stat.fallOneCm":20216,"stat.climbOneCm":7772,"stat.pickup.minecraft.iron_ingot":9,"stat.pickup.foodexpansion.itemwolfmeat":14,"stat.pickup.firstaid.bandage":30,"stat.pickup.minecraft.carrot":6,"stat.useItem.minecraft.stone_axe":7,"stat.pickup.foodexpansion.itemhorsemeat":10,"stat.crouchOneCm":9249,"stat.useItem.minecraft.stone_slab2":16,"stat.drop.minecraft.iron_sword":1,"stat.craftingTableInteraction":6,"stat.pickup.minecraft.iron_ore":43,"stat.pickup.minecraft.rotten_flesh":4,"stat.craftItem.minecraft.stone_axe":1,"stat.damageTaken":1771,"stat.pickup.minecraft.leather":15,"stat.pickup.notreepunching.rock/stone":105,"stat.mineBlock.minecraft.torch":1,"stat.craftItem.minecraft.stone_pickaxe":1,"stat.pickup.minecraft.cobblestone":24,"chupacabra.kill":2,"stat.pickup.minecraft.diamond_hoe":1,"stat.craftItem.minecraft.stone_sword":1,"stat.flyOneCm":208475,"stat.pickup.minecraft.wheat_seeds":3,"stat.pickup.minecraft.brown_mushroom":2,"stat.mineBlock.minecraft.gravel":17,"stat.useItem.minecraft.stone_pickaxe":239,"wraamon.kill":1,"stat.useItem.minecraft.cooked_beef":1,"stat.useItem.minecraft.stone_sword":43,"stat.damageDealt":2512,"stat.mineBlock.minecraft.iron_ore":43,"stat.sleepInBed":1,"stat.timeSinceDeath":14100,"stat.killEntity.Cow":7,"stat.pickup.minecraft.mutton":2,"stat.walkOneCm":149919,"stat.useItem.minecraft.torch":1,"stat.pickup.minecraft.stick":19,"stat.pickup.rustic.wildberries":1,"stat.useItem.minecraft.cobblestone":4,"stat.furnaceInteraction":2,"stat.pickup.minecraft.iron_shovel":1,"stat.mineBlock.minecraft.coal_ore":150,"stat.pickup.minecraft.iron_hoe":4,"stat.killEntity.Creeper":2,"stat.pickup.minecraft.wooden_sword":5,"stat.drop.minecraft.red_flower":1,"stat.pickup.minecraft.log":32,"stat.pickup.minecraft.beef":10,"stat.entityKilledBy.Skeleton":2,"stat.useItem.realistictorches.torch_lit":24,"stat.pickup.minecraft.baked_potato":47,"stat.pickup.minecraft.leather_helmet":4,"stat.sprintOneCm":147250,"stat.useItem.rustic.wildberries":1,"stat.pickup.minecraft.iron_chestplate":1,"stat.pickup.minecraft.cooked_beef":4,"stat.pickup.minecraft.apple":28,"stat.pickup.roughtweaks.salve":4,"stat.pickup.realistictorches.torch_lit":60,"stat.pickup.minecraft.stone_sword":2,"stat.waystones:waystonesActivated":1,"stat.mobKills":16,"stat.drop.rustic.wildberries":1,"stat.pickup.lycanitesmobs.raw_chupacabra_meat":7,"stat.deaths":7,"stat.drop":6,"stat.playOneMinute":53883,"stat.useItem.minecraft.wooden_sword":7,"stat.pickup.minecraft.torch":7,"stat.killEntity.Sheep":1,"stat.pickup.minecraft.red_flower":1,"stat.sneakTime":3002,"stat.pickup.minecraft.wool":4,"stat.killEntity.Zombie":3,"stat.pickup.minecraft.item_frame":1,"stat.useItem.minecraft.baked_potato":3,"stat.mineBlock.minecraft.stone":36,"stat.craftItem.minecraft.cobblestone":15,"stat.mineBlock.minecraft.tallgrass":7,"stat.diveOneCm":1508,"stat.useItem.minecraft.beetroot":3,"stat.pickup.minecraft.wheat":12}