{"stat.chestOpened":1,"stat.walkOneCm":34612,"stat.pickup.minecraft.stick":1,"stat.pickup.minecraft.gravel":15,"stat.pickup.minecraft.stone_pickaxe":1,"stat.furnaceInteraction":1,"stat.pickup.minecraft.flint":4,"stat.drop.minecraft.flint":3,"stat.mineBlock.minecraft.coal_ore":2,"stat.pickup.minecraft.wooden_sword":1,"stat.drop.minecraft.red_flower":1,"stat.useItem.minecraft.mutton":2,"stat.jump":292,"stat.swimOneCm":928,"stat.pickup.minecraft.coal":6,"stat.fallOneCm":7442,"stat.climbOneCm":604,"stat.pickup.minecraft.beef":10,"stat.pickup.firstaid.bandage":6,"stat.crouchOneCm":121,"stat.sprintOneCm":34966,"stat.useItem.rustic.wildberries":1,"stat.useItem.minecraft.stone_slab2":15,"stat.craftingTableInteraction":3,"stat.damageTaken":155,"stat.pickup.minecraft.leather":6,"stat.pickup.notreepunching.rock/stone":42,"stat.waystones:waystonesActivated":1,"stat.mobKills":9,"stat.craftItem.minecraft.stone_sword":1,"stat.flyOneCm":58440,"stat.drop":4,"stat.playOneMinute":16083,"stat.useItem.minecraft.wooden_sword":2,"stat.mineBlock.minecraft.gravel":17,"stat.killEntity.Sheep":1,"stat.useItem.minecraft.stone_pickaxe":24,"stat.pickup.minecraft.red_flower":1,"stat.sneakTime":50,"stat.useItem.minecraft.stone_sword":23,"stat.pickup.minecraft.wool":1,"stat.damageDealt":1062,"stat.killEntity.Zombie":1,"stat.sleepInBed":1,"stat.pickup.minecraft.item_frame":1,"stat.timeSinceDeath":16083,"stat.killEntity.Cow":7,"stat.mineBlock.minecraft.stone":13,"stat.craftItem.minecraft.cobblestone":10,"stat.mineBlock.minecraft.tallgrass":3,"stat.diveOneCm":1508,"stat.pickup.minecraft.mutton":2,"stat.useItem.minecraft.beetroot":3}