{"stat.chestOpened":14,"stat.pickup.minecraft.bone":4,"stat.pickup.minecraft.gravel":15,"darkling.kill":1,"stat.pickup.minecraft.arrow":345,"stat.pickup.minecraft.iron_sword":6,"stat.mineBlock.minecraft.cobblestone":2,"stat.pickup.minecraft.stone_pickaxe":7,"stat.pickup.minecraft.flint":6,"stat.pickup.minecraft.stone_axe":7,"stat.mineBlock.minecraft.yellow_flower":1,"stat.killEntity.trumpetskeleton.TrumpetSkeleton":1,"stat.drop.minecraft.flint":3,"stat.pickup.minecraft.obsidian":18,"stat.mineBlock.charm.crate_sealed":1,"stat.useItem.minecraft.mutton":2,"stat.jump":1298,"stat.swimOneCm":928,"stat.pickup.minecraft.coal":481,"stat.fallOneCm":33353,"stat.climbOneCm":7772,"stat.pickup.minecraft.iron_ingot":18,"stat.pickup.foodexpansion.itemwolfmeat":20,"stat.pickup.firstaid.bandage":30,"stat.pickup.minecraft.carrot":9,"stat.useItem.minecraft.stone_axe":7,"stat.pickup.foodexpansion.itemhorsemeat":14,"stat.crouchOneCm":12643,"stat.craftItem.minecraft.iron_ingot":3,"stat.useItem.minecraft.stone_slab2":18,"stat.drop.minecraft.iron_sword":1,"stat.craftingTableInteraction":14,"stat.pickup.minecraft.iron_ore":187,"stat.pickup.minecraft.rotten_flesh":26,"stat.pickup.minecraft.sand":8,"stat.craftItem.minecraft.furnace":1,"stat.craftItem.minecraft.stone_axe":1,"stat.damageTaken":2948,"stat.pickup.minecraft.leather":19,"stat.pickup.notreepunching.rock/stone":118,"stat.mineBlock.minecraft.torch":1,"stat.craftItem.minecraft.stone_pickaxe":1,"stat.pickup.minecraft.cobblestone":45,"chupacabra.kill":2,"stat.pickup.minecraft.diamond_hoe":3,"stat.craftItem.minecraft.stone_sword":1,"stat.flyOneCm":259934,"stat.pickup.minecraft.wheat_seeds":3,"stat.pickup.minecraft.brown_mushroom":3,"stat.pickup.spartanshields.shield_basic_stone":1,"stat.mineBlock.minecraft.gravel":17,"stat.useItem.minecraft.stone_pickaxe":274,"wraamon.kill":1,"stat.useItem.minecraft.cooked_beef":1,"stat.useItem.minecraft.stone_sword":63,"stat.damageDealt":3196,"stat.pickup.forgottenitems.crafting_rune":1,"stat.mineBlock.minecraft.iron_ore":44,"stat.sleepInBed":1,"stat.timeSinceDeath":6257,"stat.killEntity.Cow":7,"stat.pickup.minecraft.mutton":2,"geonach.kill":1,"stat.walkOneCm":188104,"stat.useItem.minecraft.torch":1,"stat.pickup.minecraft.stick":35,"stat.pickup.rustic.wildberries":3,"stat.useItem.minecraft.cobblestone":4,"stat.furnaceInteraction":10,"stat.pickup.minecraft.iron_shovel":2,"stat.mineBlock.minecraft.coal_ore":180,"stat.pickup.minecraft.iron_hoe":5,"stat.killEntity.Creeper":2,"stat.pickup.minecraft.wooden_sword":7,"stat.drop.minecraft.red_flower":1,"stat.pickup.minecraft.log":32,"stat.pickup.minecraft.string":9,"stat.pickup.minecraft.beef":10,"stat.entityKilledBy.Skeleton":3,"stat.useItem.realistictorches.torch_lit":24,"stat.craftItem.minecraft.stone_slab2":0,"stat.pickup.minecraft.stone":2,"stat.pickup.minecraft.baked_potato":47,"stat.pickup.minecraft.leather_helmet":4,"stat.pickup.minecraft.ender_pearl":1,"stat.sprintOneCm":189848,"stat.useItem.rustic.wildberries":1,"stat.pickup.minecraft.iron_chestplate":1,"stat.pickup.minecraft.cooked_beef":6,"stat.pickup.minecraft.apple":28,"stat.pickup.roughtweaks.salve":6,"stat.pickup.realistictorches.torch_lit":66,"stat.pickup.minecraft.stone_sword":4,"stat.waystones:waystonesActivated":1,"stat.mobKills":20,"stat.pickup.minecraft.fermented_spider_eye":2,"stat.drop.rustic.wildberries":1,"stat.pickup.minecraft.quartz":3,"stat.pickup.lycanitesmobs.raw_chupacabra_meat":11,"stat.deaths":11,"stat.drop":6,"stat.playOneMinute":66483,"stat.useItem.minecraft.wooden_sword":7,"stat.pickup.minecraft.torch":7,"stat.killEntity.Sheep":1,"stat.pickup.minecraft.red_flower":1,"stat.sneakTime":3897,"stat.craftItem.minecraft.iron_pickaxe":1,"stat.pickup.minecraft.wool":4,"stat.killEntity.Zombie":3,"stat.pickup.minecraft.item_frame":1,"stat.useItem.minecraft.baked_potato":3,"stat.mineBlock.minecraft.stone":37,"stat.craftItem.minecraft.cobblestone":15,"stat.mineBlock.minecraft.tallgrass":7,"stat.diveOneCm":1508,"stat.useItem.minecraft.beetroot":3,"stat.pickup.minecraft.wheat":20,"stat.pickup.charm.crate":1}