{"stat.chestOpened":14,"stat.pickup.minecraft.bone":12,"stat.pickup.lycanitesmobs.chaosorbcharge":2,"stat.pickup.minecraft.gravel":15,"darkling.kill":1,"stat.pickup.minecraft.arrow":409,"stat.pickup.minecraft.iron_sword":8,"stat.mineBlock.minecraft.cobblestone":2,"stat.pickup.minecraft.stone_pickaxe":7,"stat.pickup.minecraft.flint":6,"stat.pickup.minecraft.stone_axe":8,"stat.mineBlock.minecraft.yellow_flower":1,"stat.killEntity.trumpetskeleton.TrumpetSkeleton":3,"stat.drop.minecraft.flint":3,"stat.pickup.minecraft.obsidian":20,"stat.useItem.minecraft.rotten_flesh":3,"stat.mineBlock.charm.crate_sealed":1,"stat.useItem.minecraft.mutton":2,"stat.jump":2019,"stat.swimOneCm":3434,"stat.pickup.minecraft.coal":550,"stat.fallOneCm":63282,"stat.climbOneCm":7772,"stat.pickup.minecraft.iron_ingot":53,"stat.pickup.foodexpansion.itemwolfmeat":20,"stat.pickup.firstaid.bandage":53,"stat.pickup.minecraft.carrot":9,"stat.useItem.minecraft.stone_axe":7,"stat.pickup.foodexpansion.itemhorsemeat":14,"stat.crouchOneCm":20828,"stat.craftItem.minecraft.iron_ingot":39,"stat.useItem.minecraft.stone_slab2":21,"stat.mineBlock.realistictorches.torch_lit":2,"stat.pickup.minecraft.iron_boots":4,"stat.drop.minecraft.iron_sword":1,"stat.craftingTableInteraction":16,"stat.pickup.minecraft.iron_ore":241,"stat.pickup.minecraft.rotten_flesh":28,"stat.pickup.minecraft.sand":8,"stat.craftItem.minecraft.furnace":1,"jengu.kill":1,"stat.craftItem.minecraft.stone_axe":1,"stat.damageTaken":7079,"stat.pickup.minecraft.leather":19,"stat.pickup.notreepunching.rock/stone":123,"stat.mineBlock.minecraft.torch":1,"stat.craftItem.minecraft.stone_pickaxe":1,"stat.mineBlock.minecraft.red_flower":1,"stat.pickup.spartanweaponry.greatsword_stone":3,"stat.pickup.minecraft.cobblestone":62,"stat.useItem.spartanweaponry.greatsword_stone":21,"chupacabra.kill":2,"stat.pickup.minecraft.diamond_hoe":3,"stat.pickup.lycanitesmobs.aquapulsecharge":4,"stat.craftItem.minecraft.stone_sword":1,"stat.flyOneCm":418747,"stat.pickup.minecraft.chainmail_chestplate":3,"stat.pickup.minecraft.wheat_seeds":3,"stat.pickup.minecraft.brown_mushroom":3,"stat.pickup.spartanshields.shield_basic_stone":3,"stat.mineBlock.minecraft.gravel":17,"stat.useItem.minecraft.stone_pickaxe":281,"wraamon.kill":3,"stat.useItem.minecraft.cooked_beef":1,"stat.useItem.minecraft.stone_sword":85,"stat.damageDealt":6039,"stat.pickup.forgottenitems.crafting_rune":3,"stat.mineBlock.minecraft.iron_ore":49,"stat.sleepInBed":1,"stat.timeSinceDeath":2757,"stat.killEntity.Cow":7,"stat.useItem.minecraft.iron_pickaxe":76,"stat.pickup.minecraft.chainmail_boots":3,"stat.pickup.minecraft.mutton":2,"kobold.kill":1,"geonach.kill":2,"stat.walkOneCm":259026,"stat.useItem.minecraft.torch":1,"stat.playerKills":1,"stat.pickup.minecraft.stick":78,"stat.pickup.minecraft.chainmail_helmet":3,"stat.pickup.rustic.wildberries":3,"stat.useItem.minecraft.cobblestone":4,"stat.furnaceInteraction":12,"stat.pickup.minecraft.iron_shovel":3,"stat.mineBlock.minecraft.coal_ore":250,"stat.pickup.minecraft.iron_hoe":7,"stat.killEntity.Creeper":2,"stat.pickup.realistictorches.torch_unlit":4,"stat.pickup.minecraft.wooden_sword":7,"stat.drop.minecraft.red_flower":1,"stat.pickup.minecraft.log":32,"stat.pickup.minecraft.string":15,"stat.pickup.minecraft.beef":10,"grue.kill":2,"stat.pickup.minecraft.iron_pickaxe":5,"stat.entityKilledBy.Skeleton":5,"stat.useItem.realistictorches.torch_lit":24,"stat.craftItem.minecraft.stone_slab2":0,"stat.pickup.minecraft.stone":3,"stat.pickup.minecraft.baked_potato":47,"stat.pickup.spartanweaponry.saber_stone":2,"stat.pickup.minecraft.leather_helmet":4,"stat.pickup.minecraft.chainmail_leggings":3,"stat.pickup.minecraft.ender_pearl":3,"stat.sprintOneCm":336331,"stat.useItem.rustic.wildberries":1,"stat.pickup.minecraft.iron_chestplate":1,"stat.pickup.minecraft.cooked_beef":6,"stat.pickup.minecraft.apple":28,"stat.pickup.minecraft.chorus_fruit":2,"stat.killEntity.Skeleton":2,"stat.pickup.roughtweaks.salve":6,"stat.pickup.realistictorches.torch_lit":66,"stat.pickup.minecraft.stone_sword":6,"stat.waystones:waystonesActivated":1,"stat.mobKills":35,"stat.pickup.minecraft.fermented_spider_eye":2,"stat.drop.rustic.wildberries":1,"stat.pickup.minecraft.quartz":13,"stat.pickup.lycanitesmobs.raw_chupacabra_meat":14,"stat.deaths":27,"stat.pickup.lycanitesmobs.geistliver":6,"stat.drop":7,"stat.playOneMinute":91683,"stat.useItem.minecraft.wooden_sword":7,"stat.pickup.minecraft.torch":8,"stat.killEntity.Sheep":1,"stat.pickup.minecraft.red_flower":1,"stat.sneakTime":6102,"stat.craftItem.minecraft.iron_pickaxe":1,"stat.pickup.minecraft.wool":4,"stat.pickup.minecraft.rabbit":2,"stat.drop.firstaid.bandage":1,"stat.killEntity.Zombie":4,"stat.pickup.minecraft.item_frame":1,"stat.useItem.minecraft.baked_potato":3,"stat.mineBlock.minecraft.stone":41,"stat.craftItem.minecraft.cobblestone":17,"stat.mineBlock.minecraft.tallgrass":7,"stat.diveOneCm":2274,"stat.useItem.minecraft.beetroot":3,"stat.pickup.minecraft.wheat":20,"stat.pickup.charm.crate":1}