{"stat.pickup.minecraft.bone":38,"stat.pickup.lycanitesmobs.chaosorbcharge":2,"darkling.kill":2,"stat.leaveGame":1,"stat.mineBlock.minecraft.cobblestone":8,"stat.pickup.minecraft.stone_pickaxe":8,"stat.pickup.minecraft.flint":8,"stat.mineBlock.minecraft.yellow_flower":1,"stat.pickup.notreepunching.rock/andesite":3,"stat.killEntity.trumpetskeleton.TrumpetSkeleton":5,"stat.mineBlock.charm.crate_sealed":1,"stat.useItem.minecraft.mutton":2,"stat.swimOneCm":35510,"stat.climbOneCm":12374,"stat.useItem.minecraft.planks":1,"stat.pickup.spartanshields.shield_basic_iron":10,"stat.pickup.firstaid.bandage":56,"stat.pickup.foodexpansion.itemhorsemeat":14,"stat.mineBlock.quark.roots":1,"stat.useItem.minecraft.stone_slab2":25,"stat.pickup.minecraft.iron_boots":12,"stat.drop.minecraft.iron_sword":1,"stat.pickup.minecraft.rotten_flesh":42,"stat.pickup.minecraft.sand":8,"stat.craftItem.minecraft.furnace":1,"morock.kill":1,"stat.craftItem.minecraft.stone_axe":1,"stat.craftItem.minecraft.iron_boots":1,"stat.craftItem.minecraft.stone_pickaxe":2,"stat.pickup.spartanweaponry.greatsword_stone":4,"stat.pickup.minecraft.cobblestone":164,"stat.pickup.minecraft.diamond_hoe":3,"stat.pickup.lycanitesmobs.aquapulsecharge":8,"stat.craftItem.minecraft.stone_sword":3,"stat.flyOneCm":866419,"stat.pickup.minecraft.chainmail_chestplate":4,"stat.pickup.minecraft.brown_mushroom":3,"stat.pickup.spartanshields.shield_basic_stone":6,"wraamon.kill":4,"stat.useItem.minecraft.cooked_beef":2,"stat.mineBlock.minecraft.iron_ore":167,"stat.timeSinceDeath":13265,"stat.useItem.minecraft.iron_pickaxe":288,"stat.craftItem.minecraft.wooden_pickaxe":1,"stat.pickup.minecraft.mutton":2,"kobold.kill":2,"stat.pickup.minecraft.armor_stand":1,"stat.trappedChestTriggered":1,"stat.useItem.minecraft.potato":27,"stat.pickup.minecraft.chainmail_helmet":3,"stat.pickup.rustic.wildberries":3,"stat.furnaceInteraction":32,"stat.pickup.minecraft.iron_shovel":3,"stat.pickup.minecraft.trapdoor":1,"stat.killEntity.ZombieVillager":1,"stat.mineBlock.minecraft.coal_ore":319,"stat.killEntity.Creeper":4,"stat.pickup.realistictorches.torch_unlit":13,"stat.pickup.minecraft.wooden_sword":7,"necrovore.kill":1,"stat.drop.minecraft.red_flower":1,"stat.pickup.minecraft.string":17,"stat.pickup.minecraft.beef":10,"grue.kill":2,"stat.pickup.lycanitesmobs.scorchfireballcharge":2,"stat.useItem.spartanweaponry.saber_stone":82,"stat.entityKilledBy.Skeleton":5,"stat.useItem.realistictorches.torch_lit":59,"stat.craftItem.minecraft.stone_slab2":0,"stat.pickup.spartanweaponry.saber_stone":6,"stat.pickup.notreepunching.saw/iron":1,"stat.pickup.minecraft.leather_helmet":4,"stat.sprintOneCm":720251,"stat.useItem.rustic.wildberries":1,"stat.pickup.minecraft.iron_chestplate":8,"stat.mineBlock.minecraft.stone_slab":12,"stat.useItem.minecraft.stone_slab":5,"stat.pickup.realistictorches.torch_lit":446,"stat.mineBlock.minecraft.diamond_ore":2,"afrit.kill":1,"stat.waystones:waystonesActivated":1,"stat.useItem.minecraft.carrot":29,"stat.pickup.minecraft.fermented_spider_eye":2,"stat.pickup.minecraft.emerald":4,"stat.drop.rustic.wildberries":1,"stat.pickup.lycanitesmobs.raw_chupacabra_meat":21,"stat.deaths":50,"stat.mineBlock.minecraft.planks":4,"stat.pickup.lycanitesmobs.geistliver":6,"stat.drop":7,"stat.playOneMinute":188015,"stat.useItem.minecraft.wooden_sword":7,"stat.killEntity.Sheep":1,"stat.craftItem.minecraft.iron_pickaxe":2,"stat.killEntity.Zombie":10,"stat.pickup.minecraft.item_frame":1,"stat.pickup.minecraft.iron_bars":3,"stat.mineBlock.minecraft.tallgrass":17,"stat.diveOneCm":85792,"stat.pickup.minecraft.wheat":20,"stat.pickup.charm.crate":1,"stat.chestOpened":66,"stat.pickup.minecraft.gravel":15,"stat.pickup.minecraft.arrow":412,"stat.pickup.minecraft.iron_sword":9,"stat.pickup.minecraft.stone_axe":12,"stat.drop.minecraft.flint":3,"stat.pickup.minecraft.obsidian":20,"stat.pickup.simpledifficulty.iron_canteen":6,"stat.useItem.minecraft.rotten_flesh":3,"stat.jump":4222,"stat.pickup.minecraft.coal":845,"stat.pickup.minecraft.iron_helmet":7,"stat.fallOneCm":137945,"stat.pickup.minecraft.iron_ingot":53,"stat.pickup.scalinghealth.crystalshard":2,"stat.pickup.foodexpansion.itemwolfmeat":20,"stat.pickup.minecraft.carrot":203,"stat.useItem.minecraft.stone_axe":30,"stat.crouchOneCm":61310,"stat.craftItem.minecraft.iron_ingot":39,"stat.pickup.minecraft.dirt":4,"stat.craftItem.minecraft.iron_helmet":1,"stat.mineBlock.realistictorches.torch_lit":2,"stat.craftingTableInteraction":24,"stat.pickup.minecraft.iron_ore":436,"jengu.kill":1,"stat.mineBlock.minecraft.iron_bars":1,"stat.mineBlock.minecraft.glass_pane":1,"stat.mineBlock.minecraft.leaves2":6,"stat.pickup.minecraft.wooden_pickaxe":1,"stat.pickup.lycanitesmobs.halloweentreat":12,"stat.damageTaken":14567,"stat.pickup.minecraft.leather":31,"stat.pickup.notreepunching.rock/stone":337,"stat.mineBlock.minecraft.torch":1,"stat.mineBlock.minecraft.red_flower":1,"stat.useItem.minecraft.wooden_pickaxe":9,"stat.pickup.minecraft.prismarine_shard":6,"stat.useItem.spartanweaponry.greatsword_stone":35,"stat.craftItem.simpledifficulty.iron_canteen":1,"chupacabra.kill":6,"stat.pickup.minecraft.planks":84,"stat.pickup.minecraft.iron_leggings":7,"stat.pickup.minecraft.prismarine_crystals":3,"stat.pickup.minecraft.wheat_seeds":3,"stat.pickup.minecraft.potato":66,"stat.entityKilledBy.Zombie":1,"stat.mineBlock.minecraft.gravel":18,"stat.useItem.minecraft.stone_pickaxe":340,"stat.useItem.minecraft.stone_sword":120,"stat.craftItem.minecraft.iron_leggings":1,"stat.damageDealt":13557,"stat.pickup.forgottenitems.crafting_rune":3,"stat.sleepInBed":1,"stat.craftItem.minecraft.baked_potato":103,"stat.killEntity.Cow":7,"stat.pickup.minecraft.chainmail_boots":4,"stat.pickup.minecraft.poisonous_potato":1,"geonach.kill":4,"stat.walkOneCm":496842,"stat.useItem.minecraft.torch":1,"stat.useItem.minecraft.bread":3,"lurker.kill":1,"stat.playerKills":1,"stat.pickup.minecraft.stick":89,"feradon.kill":1,"stat.useItem.minecraft.cobblestone":53,"stat.pickup.minecraft.iron_hoe":7,"stat.pickup.simpledifficulty.charcoal_filter":63,"stat.mineBlock.minecraft.emerald_ore":4,"stat.pickup.minecraft.log":32,"stat.pickup.minecraft.iron_pickaxe":10,"stat.craftItem.realistictorches.torch_unlit":8,"stat.pickup.minecraft.stone":17,"stat.craftItem.minecraft.iron_chestplate":1,"stat.pickup.minecraft.baked_potato":199,"stat.mineBlock.minecraft.wool":1,"stat.pickup.minecraft.chainmail_leggings":3,"stat.pickup.minecraft.ender_pearl":4,"stat.pickup.minecraft.cooked_beef":6,"stat.pickup.minecraft.apple":28,"stat.pickup.minecraft.chorus_fruit":2,"stat.killEntity.Skeleton":5,"stat.pickup.roughtweaks.salve":6,"stat.useItem.minecraft.iron_sword":18,"stat.pickup.minecraft.stone_sword":8,"stat.pickup.minecraft.bread":42,"stat.mobKills":63,"stat.pickup.minecraft.quartz":19,"stat.pickup.minecraft.diamond":6,"stat.mineBlock.minecraft.leaves":9,"stat.pickup.minecraft.torch":8,"stat.pickup.minecraft.red_flower":1,"stat.sneakTime":18188,"stat.pickup.minecraft.wool":6,"stat.pickup.minecraft.rabbit":2,"ent.kill":1,"stat.drop.firstaid.bandage":1,"stat.useItem.minecraft.baked_potato":7,"stat.pickup.minecraft.stone_slab":24,"stat.mineBlock.minecraft.stone":99,"stat.craftItem.minecraft.cobblestone":37,"stat.useItem.minecraft.beetroot":3}