{"stat.chestOpened":30,"stat.pickup.minecraft.bone":20,"stat.pickup.lycanitesmobs.chaosorbcharge":2,"stat.pickup.minecraft.gravel":15,"darkling.kill":2,"stat.leaveGame":1,"stat.pickup.minecraft.arrow":409,"stat.pickup.minecraft.iron_sword":8,"stat.mineBlock.minecraft.cobblestone":2,"stat.pickup.minecraft.stone_pickaxe":8,"stat.pickup.minecraft.flint":8,"stat.pickup.minecraft.stone_axe":11,"stat.mineBlock.minecraft.yellow_flower":1,"stat.killEntity.trumpetskeleton.TrumpetSkeleton":4,"stat.drop.minecraft.flint":3,"stat.pickup.minecraft.obsidian":20,"stat.useItem.minecraft.rotten_flesh":3,"stat.mineBlock.charm.crate_sealed":1,"stat.useItem.minecraft.mutton":2,"stat.jump":2818,"stat.swimOneCm":12269,"stat.pickup.minecraft.coal":782,"stat.pickup.minecraft.iron_helmet":3,"stat.fallOneCm":92127,"stat.climbOneCm":7772,"stat.pickup.minecraft.iron_ingot":53,"stat.pickup.foodexpansion.itemwolfmeat":20,"stat.pickup.spartanshields.shield_basic_iron":2,"stat.pickup.firstaid.bandage":56,"stat.pickup.minecraft.carrot":9,"stat.useItem.minecraft.stone_axe":25,"stat.pickup.foodexpansion.itemhorsemeat":14,"stat.mineBlock.quark.roots":1,"stat.crouchOneCm":34272,"stat.craftItem.minecraft.iron_ingot":39,"stat.pickup.minecraft.dirt":4,"stat.useItem.minecraft.stone_slab2":23,"stat.mineBlock.realistictorches.torch_lit":2,"stat.pickup.minecraft.iron_boots":7,"stat.drop.minecraft.iron_sword":1,"stat.craftingTableInteraction":20,"stat.pickup.minecraft.iron_ore":294,"stat.pickup.minecraft.rotten_flesh":33,"stat.pickup.minecraft.sand":8,"stat.craftItem.minecraft.furnace":1,"jengu.kill":1,"morock.kill":1,"stat.craftItem.minecraft.stone_axe":1,"stat.mineBlock.minecraft.glass_pane":1,"stat.mineBlock.minecraft.leaves2":6,"stat.pickup.minecraft.wooden_pickaxe":1,"stat.damageTaken":10525,"stat.pickup.minecraft.leather":19,"stat.pickup.notreepunching.rock/stone":288,"stat.mineBlock.minecraft.torch":1,"stat.craftItem.minecraft.stone_pickaxe":2,"stat.mineBlock.minecraft.red_flower":1,"stat.useItem.minecraft.wooden_pickaxe":9,"stat.pickup.minecraft.prismarine_shard":6,"stat.pickup.spartanweaponry.greatsword_stone":4,"stat.pickup.minecraft.cobblestone":68,"stat.useItem.spartanweaponry.greatsword_stone":35,"chupacabra.kill":3,"stat.pickup.minecraft.diamond_hoe":3,"stat.pickup.lycanitesmobs.aquapulsecharge":8,"stat.pickup.minecraft.planks":63,"stat.pickup.minecraft.iron_leggings":3,"stat.pickup.minecraft.prismarine_crystals":3,"stat.craftItem.minecraft.stone_sword":1,"stat.flyOneCm":587182,"stat.pickup.minecraft.chainmail_chestplate":4,"stat.pickup.minecraft.wheat_seeds":3,"stat.pickup.minecraft.brown_mushroom":3,"stat.pickup.spartanshields.shield_basic_stone":6,"stat.mineBlock.minecraft.gravel":18,"stat.useItem.minecraft.stone_pickaxe":340,"wraamon.kill":4,"stat.useItem.minecraft.cooked_beef":2,"stat.useItem.minecraft.stone_sword":85,"stat.damageDealt":9759,"stat.pickup.forgottenitems.crafting_rune":3,"stat.mineBlock.minecraft.iron_ore":69,"stat.sleepInBed":1,"stat.timeSinceDeath":0,"stat.killEntity.Cow":7,"stat.useItem.minecraft.iron_pickaxe":113,"stat.craftItem.minecraft.wooden_pickaxe":1,"stat.pickup.minecraft.chainmail_boots":4,"stat.pickup.minecraft.mutton":2,"kobold.kill":2,"geonach.kill":2,"stat.walkOneCm":358546,"stat.useItem.minecraft.torch":1,"stat.playerKills":1,"stat.pickup.minecraft.stick":84,"stat.pickup.minecraft.chainmail_helmet":3,"stat.pickup.rustic.wildberries":3,"stat.useItem.minecraft.cobblestone":16,"stat.furnaceInteraction":17,"stat.pickup.minecraft.iron_shovel":3,"stat.pickup.minecraft.trapdoor":1,"stat.mineBlock.minecraft.coal_ore":292,"stat.pickup.minecraft.iron_hoe":7,"stat.pickup.simpledifficulty.charcoal_filter":24,"stat.killEntity.Creeper":3,"stat.pickup.realistictorches.torch_unlit":12,"stat.pickup.minecraft.wooden_sword":7,"necrovore.kill":1,"stat.drop.minecraft.red_flower":1,"stat.pickup.minecraft.log":32,"stat.pickup.minecraft.string":15,"stat.pickup.minecraft.beef":10,"grue.kill":2,"stat.pickup.minecraft.iron_pickaxe":6,"stat.useItem.spartanweaponry.saber_stone":82,"stat.craftItem.realistictorches.torch_unlit":8,"stat.entityKilledBy.Skeleton":5,"stat.useItem.realistictorches.torch_lit":24,"stat.craftItem.minecraft.stone_slab2":0,"stat.pickup.minecraft.stone":3,"stat.pickup.minecraft.baked_potato":47,"stat.pickup.spartanweaponry.saber_stone":6,"stat.mineBlock.minecraft.wool":1,"stat.pickup.minecraft.leather_helmet":4,"stat.pickup.minecraft.chainmail_leggings":3,"stat.pickup.minecraft.ender_pearl":4,"stat.sprintOneCm":475214,"stat.useItem.rustic.wildberries":1,"stat.pickup.minecraft.iron_chestplate":4,"stat.pickup.minecraft.cooked_beef":6,"stat.pickup.minecraft.apple":28,"stat.pickup.minecraft.chorus_fruit":2,"stat.killEntity.Skeleton":3,"stat.pickup.roughtweaks.salve":6,"stat.pickup.realistictorches.torch_lit":66,"stat.pickup.minecraft.stone_sword":6,"stat.waystones:waystonesActivated":1,"stat.mobKills":48,"stat.pickup.minecraft.fermented_spider_eye":2,"stat.drop.rustic.wildberries":1,"stat.pickup.minecraft.quartz":13,"stat.pickup.lycanitesmobs.raw_chupacabra_meat":14,"stat.deaths":39,"stat.mineBlock.minecraft.planks":4,"stat.pickup.lycanitesmobs.geistliver":6,"stat.drop":7,"stat.playOneMinute":129179,"stat.useItem.minecraft.wooden_sword":7,"stat.pickup.minecraft.torch":8,"stat.killEntity.Sheep":1,"stat.pickup.minecraft.red_flower":1,"stat.sneakTime":10913,"stat.craftItem.minecraft.iron_pickaxe":1,"stat.pickup.minecraft.wool":6,"stat.pickup.minecraft.rabbit":2,"ent.kill":1,"stat.drop.firstaid.bandage":1,"stat.killEntity.Zombie":8,"stat.pickup.minecraft.item_frame":1,"stat.useItem.minecraft.baked_potato":3,"stat.mineBlock.minecraft.stone":83,"stat.craftItem.minecraft.cobblestone":33,"stat.mineBlock.minecraft.tallgrass":9,"stat.diveOneCm":13836,"stat.useItem.minecraft.beetroot":3,"stat.pickup.minecraft.wheat":20,"stat.pickup.charm.crate":1}